dataset,class,features,sample_rate,noise_rate,epochs,batch_size,data_length_time,n_h_block,n_train_h_block,n_valid_h_block,n_test_h_block,h_moving_step,segments_time,segments_overlap,inner_classifier,datetime,running_time,n_params,decision_time,decision_overlap,mse_loss_mean,mse_loss_std,mse_loss_max,mse_loss_min,accuracy_mean,accuracy_std,accuracy_max,accuracy_min,precision_mean,precision_std,precision_max,precision_min,recall_mean,recall_std,recall_max,recall_min,f1_mean,f1_std,f1_max,f1_min
PRSA2017,12,"['PM2.5', 'PM10', 'SO2', 'NO2', 'CO', 'O3', 'TEMP', 'PRES', 'DEWP', 'RAIN', 'wd', 'WSPM']",1,100,50,32,-1,15,9,2,4,1,00:00:03,0.75,GRU,2023:02:15 16:55:01,5186 seconds,12972,00:00:04,0,0.070507383,0.002048296,0.07405404,0.067720838,0.291959252,0.016519053,0.316099336,0.264914722,0.281024599,0.013412207,0.300454135,0.257556753,0.291959252,0.016519053,0.316099336,0.264914722,0.278210961,0.017559826,0.303365445,0.248108646
PRSA2017,12,"['PM2.5', 'PM10', 'SO2', 'NO2', 'CO', 'O3', 'TEMP', 'PRES', 'DEWP', 'RAIN', 'wd', 'WSPM']",1,100,50,32,-1,15,9,2,4,1,00:00:03,0.75,GRU,2023:02:15 18:07:31,4350 seconds,12972,00:00:05,0,0.070102594,0.002421547,0.073547043,0.066564135,0.302807215,0.019790603,0.333012203,0.272050953,0.292819133,0.017091596,0.316305613,0.263364992,0.302807215,0.019790603,0.333012203,0.272050953,0.289273544,0.0212947,0.320638181,0.256678131
PRSA2017,12,"['PM2.5', 'PM10', 'SO2', 'NO2', 'CO', 'O3', 'TEMP', 'PRES', 'DEWP', 'RAIN', 'wd', 'WSPM']",1,100,50,32,-1,15,9,2,4,1,00:00:03,0.75,GRU,2023:02:15 19:12:30,3898 seconds,12972,00:00:06,0,0.069626851,0.002485153,0.073638856,0.066073895,0.313775874,0.019390178,0.345681656,0.283190578,0.303782462,0.015896106,0.331740812,0.27914172,0.313775874,0.019390178,0.345681656,0.283190578,0.299689086,0.021246814,0.334088197,0.270629163
PRSA2017,12,"['PM2.5', 'PM10', 'SO2', 'NO2', 'CO', 'O3', 'TEMP', 'PRES', 'DEWP', 'RAIN', 'wd', 'WSPM']",1,100,50,32,-1,15,9,2,4,1,00:00:04,0.75,GRU,2023:02:15 20:25:14,4364 seconds,14700,00:00:06,0,0.069944666,0.00235071,0.073396318,0.066203289,0.309634329,0.018663499,0.339490309,0.278670093,0.297661684,0.016027467,0.323340473,0.272540032,0.309634329,0.018663499,0.339490309,0.278670093,0.295416098,0.019614107,0.327878776,0.268070953
PRSA2017,12,"['PM2.5', 'PM10', 'SO2', 'NO2', 'CO', 'O3', 'TEMP', 'PRES', 'DEWP', 'RAIN', 'wd', 'WSPM']",1,100,50,32,-1,15,9,2,4,1,00:00:03,0.75,GRU,2023:02:15 21:26:24,3669 seconds,12972,00:00:07,0,0.070390742,0.002640709,0.074119307,0.065701306,0.318277123,0.020312343,0.353765168,0.282967523,0.308110073,0.015360405,0.335096427,0.286208496,0.318277123,0.020312343,0.353765168,0.282967523,0.304176762,0.020157304,0.339328562,0.277494373
PRSA2017,12,"['PM2.5', 'PM10', 'SO2', 'NO2', 'CO', 'O3', 'TEMP', 'PRES', 'DEWP', 'RAIN', 'wd', 'WSPM']",1,100,50,32,-1,15,9,2,4,1,00:00:04,0.75,GRU,2023:02:15 22:31:49,3924 seconds,14700,00:00:07,0,0.069841907,0.002572404,0.073645435,0.066754177,0.313404711,0.020765629,0.339614561,0.279193433,0.302778826,0.016545257,0.32374577,0.27314797,0.313404711,0.020765629,0.339614561,0.279193433,0.299875904,0.021489986,0.327495438,0.266396789
PRSA2017,12,"['PM2.5', 'PM10', 'SO2', 'NO2', 'CO', 'O3', 'TEMP', 'PRES', 'DEWP', 'RAIN', 'wd', 'WSPM']",1,100,50,32,-1,15,9,2,4,1,00:00:05,0.75,GRU,2023:02:15 23:15:44,2635 seconds,16428,00:00:07,0,0.069768846,0.002254489,0.073845461,0.066641882,0.316070664,0.01892209,0.341934333,0.279657388,0.303230772,0.013137421,0.323852256,0.282502309,0.316070664,0.01892209,0.341934333,0.279657388,0.301088681,0.017795656,0.328974942,0.271583753
PRSA2017,12,"['PM2.5', 'PM10', 'SO2', 'NO2', 'CO', 'O3', 'TEMP', 'PRES', 'DEWP', 'RAIN', 'wd', 'WSPM']",1,100,50,32,-1,15,9,2,4,1,00:00:03,0.75,GRU,2023:02:16 00:13:58,3493 seconds,12972,00:00:08,0,0.070919522,0.002533764,0.07490591,0.067269705,0.319519375,0.018148625,0.342164419,0.288910298,0.307284473,0.014057407,0.326715023,0.277970863,0.319519375,0.018148625,0.342164419,0.288910298,0.305263095,0.01872568,0.330617569,0.273584757
PRSA2017,12,"['PM2.5', 'PM10', 'SO2', 'NO2', 'CO', 'O3', 'TEMP', 'PRES', 'DEWP', 'RAIN', 'wd', 'WSPM']",1,100,50,32,-1,15,9,2,4,1,00:00:04,0.75,GRU,2023:02:16 01:15:05,3666 seconds,14700,00:00:08,0,0.070207066,0.002676506,0.073930584,0.065863088,0.32256424,0.020281829,0.354969665,0.291622056,0.312847611,0.018405338,0.339932792,0.282996352,0.32256424,0.020281829,0.354969665,0.291622056,0.309621267,0.022649586,0.34356015,0.275039387
PRSA2017,12,"['PM2.5', 'PM10', 'SO2', 'NO2', 'CO', 'O3', 'TEMP', 'PRES', 'DEWP', 'RAIN', 'wd', 'WSPM']",1,100,50,32,-1,15,9,2,4,1,00:00:05,0.75,GRU,2023:02:16 01:58:45,2620 seconds,16428,00:00:08,0,0.069739453,0.002348475,0.073649019,0.066497087,0.318097787,0.01991071,0.342541042,0.281441827,0.306243505,0.015984219,0.328201127,0.277144832,0.318097787,0.01991071,0.342541042,0.281441827,0.303270268,0.019438062,0.330659496,0.273176433
PRSA2017,12,"['PM2.5', 'PM10', 'SO2', 'NO2', 'CO', 'O3', 'TEMP', 'PRES', 'DEWP', 'RAIN', 'wd', 'WSPM']",1,100,50,32,-1,15,9,2,4,1,00:00:06,0.75,GRU,2023:02:16 02:42:17,2612 seconds,18156,00:00:08,0,0.070302175,0.002682938,0.075315006,0.067189693,0.315453248,0.02033164,0.338508208,0.281013562,0.304137572,0.016246507,0.322711111,0.272548519,0.315453248,0.02033164,0.338508208,0.281013562,0.301018522,0.020827542,0.324710101,0.268761231
PRSA2017,12,"['PM2.5', 'PM10', 'SO2', 'NO2', 'CO', 'O3', 'TEMP', 'PRES', 'DEWP', 'RAIN', 'wd', 'WSPM']",1,100,50,32,-1,15,9,2,4,1,00:00:03,0.75,GRU,2023:02:16 03:38:16,3358 seconds,12972,00:00:09,0,0.070504653,0.002881161,0.07468091,0.066758759,0.326892804,0.021476403,0.35426037,0.29354073,0.314824957,0.017165224,0.337987577,0.288642698,0.326892804,0.021476403,0.35426037,0.29354073,0.310955045,0.022837475,0.339599224,0.278074842
PRSA2017,12,"['PM2.5', 'PM10', 'SO2', 'NO2', 'CO', 'O3', 'TEMP', 'PRES', 'DEWP', 'RAIN', 'wd', 'WSPM']",1,100,50,32,-1,15,9,2,4,1,00:00:04,0.75,GRU,2023:02:16 04:36:28,3491 seconds,14700,00:00:09,0,0.070682415,0.00267112,0.074973576,0.066532828,0.320447729,0.017469729,0.348275493,0.298628963,0.310874001,0.015269655,0.333110778,0.287838285,0.320447729,0.017469729,0.348275493,0.298628963,0.306526567,0.019293459,0.336864555,0.280564981
PRSA2017,12,"['PM2.5', 'PM10', 'SO2', 'NO2', 'CO', 'O3', 'TEMP', 'PRES', 'DEWP', 'RAIN', 'wd', 'WSPM']",1,100,50,32,-1,15,9,2,4,1,00:00:05,0.75,GRU,2023:02:16 05:13:02,2193 seconds,16428,00:00:09,0,0.072393123,0.002574464,0.076444604,0.068382025,0.309431234,0.022541812,0.339224507,0.276563839,0.298283039,0.020559795,0.323126101,0.262877571,0.309431234,0.022541812,0.339224507,0.276563839,0.295604181,0.022658082,0.324993924,0.257325948
PRSA2017,12,"['PM2.5', 'PM10', 'SO2', 'NO2', 'CO', 'O3', 'TEMP', 'PRES', 'DEWP', 'RAIN', 'wd', 'WSPM']",1,100,50,32,-1,15,9,2,4,1,00:00:06,0.75,GRU,2023:02:16 05:56:50,2627 seconds,18156,00:00:09,0,0.070041977,0.002655799,0.074482009,0.067096099,0.317219843,0.023533366,0.342933619,0.268165596,0.303835014,0.021422445,0.329426693,0.254361911,0.317219843,0.023533366,0.342933619,0.268165596,0.301859179,0.024159664,0.331849863,0.249725622
PRSA2017,12,"['PM2.5', 'PM10', 'SO2', 'NO2', 'CO', 'O3', 'TEMP', 'PRES', 'DEWP', 'RAIN', 'wd', 'WSPM']",1,100,50,32,-1,15,9,2,4,1,00:00:03,0.75,GRU,2023:02:16 06:51:36,3286 seconds,12972,00:00:10,0,0.071339777,0.003179561,0.075600021,0.066513665,0.322700657,0.024920867,0.359040274,0.285132819,0.310178911,0.025471259,0.344373381,0.270038897,0.322700657,0.024920867,0.359040274,0.285132819,0.308232486,0.028174417,0.350026123,0.2675595
PRSA2017,12,"['PM2.5', 'PM10', 'SO2', 'NO2', 'CO', 'O3', 'TEMP', 'PRES', 'DEWP', 'RAIN', 'wd', 'WSPM']",1,100,50,32,-1,15,9,2,4,1,00:00:04,0.75,GRU,2023:02:16 07:47:45,3368 seconds,14700,00:00:10,0,0.070307068,0.002760263,0.074140333,0.066627271,0.321358071,0.021422689,0.35376062,0.27936032,0.307403153,0.018953732,0.335819132,0.266716594,0.321358071,0.021422689,0.35376062,0.27936032,0.305107843,0.023186997,0.338586183,0.256205889
PRSA2017,12,"['PM2.5', 'PM10', 'SO2', 'NO2', 'CO', 'O3', 'TEMP', 'PRES', 'DEWP', 'RAIN', 'wd', 'WSPM']",1,100,50,32,-1,15,9,2,4,1,00:00:05,0.75,GRU,2023:02:16 08:24:34,2209 seconds,16428,00:00:10,0,0.072434332,0.002431169,0.075732067,0.068786241,0.301156812,0.018986562,0.328620394,0.271422451,0.288608726,0.018584293,0.315024834,0.254174536,0.301156812,0.018986562,0.328620394,0.271422451,0.285572546,0.021213366,0.315822791,0.250144114
PRSA2017,12,"['PM2.5', 'PM10', 'SO2', 'NO2', 'CO', 'O3', 'TEMP', 'PRES', 'DEWP', 'RAIN', 'wd', 'WSPM']",1,100,50,32,-1,15,9,2,4,1,00:00:06,0.75,GRU,2023:02:16 09:01:33,2218 seconds,18156,00:00:10,0,0.072444384,0.002603859,0.076069362,0.06885282,0.307503213,0.019891499,0.332904884,0.260979006,0.296735505,0.0188091,0.317151782,0.252117737,0.307503213,0.019891499,0.332904884,0.260979006,0.293366266,0.021018467,0.320202208,0.243847661
PRSA2017,12,"['PM2.5', 'PM10', 'SO2', 'NO2', 'CO', 'O3', 'TEMP', 'PRES', 'DEWP', 'RAIN', 'wd', 'WSPM']",1,100,50,32,-1,15,9,2,4,1,00:00:07,0.75,GRU,2023:02:16 09:45:16,2623 seconds,19884,00:00:10,0,0.069957182,0.002748624,0.074741602,0.065888055,0.322650671,0.020851844,0.350007141,0.285704085,0.310002893,0.017081984,0.333415667,0.285442909,0.322650671,0.020851844,0.350007141,0.285704085,0.307677339,0.021301357,0.337266043,0.277009066
PRSA2017,12,"['PM2.5', 'PM10', 'SO2', 'NO2', 'CO', 'O3', 'TEMP', 'PRES', 'DEWP', 'RAIN', 'wd', 'WSPM']",1,100,50,32,-1,15,9,2,4,1,00:00:03,0.75,GRU,2023:02:16 10:30:18,2701 seconds,12972,00:00:30,0,0.069527865,0.004740673,0.078496225,0.063532442,0.387212212,0.041220106,0.434934935,0.313563564,0.379311626,0.043681544,0.431213157,0.298418814,0.387212212,0.041220106,0.434934935,0.313563564,0.374087554,0.046530827,0.428502169,0.290236999
PRSA2017,12,"['PM2.5', 'PM10', 'SO2', 'NO2', 'CO', 'O3', 'TEMP', 'PRES', 'DEWP', 'RAIN', 'wd', 'WSPM']",1,100,50,32,-1,15,9,2,4,1,00:00:04,0.75,GRU,2023:02:16 11:15:47,2728 seconds,14700,00:00:30,0,0.072123707,0.00441306,0.079489373,0.06564597,0.375531401,0.040926322,0.421980676,0.300724638,0.368910779,0.046229938,0.428950936,0.296181686,0.375531401,0.040926322,0.421980676,0.300724638,0.362785094,0.047174645,0.418452554,0.282167676
PRSA2017,12,"['PM2.5', 'PM10', 'SO2', 'NO2', 'CO', 'O3', 'TEMP', 'PRES', 'DEWP', 'RAIN', 'wd', 'WSPM']",1,100,50,32,-1,15,9,2,4,1,00:00:05,0.75,GRU,2023:02:16 11:37:34,1306 seconds,16428,00:00:30,0,0.073971647,0.003404391,0.079377815,0.068010636,0.354247911,0.040229359,0.406685237,0.293175487,0.34521891,0.04938259,0.418550709,0.272327882,0.354247911,0.040229359,0.406685237,0.293175487,0.341009264,0.047063091,0.401291356,0.267158428
PRSA2017,12,"['PM2.5', 'PM10', 'SO2', 'NO2', 'CO', 'O3', 'TEMP', 'PRES', 'DEWP', 'RAIN', 'wd', 'WSPM']",1,100,50,32,-1,15,9,2,4,1,00:00:06,0.75,GRU,2023:02:16 11:59:25,1311 seconds,18156,00:00:30,0,0.073838288,0.002979125,0.078613155,0.068704575,0.350255339,0.038727464,0.408542247,0.276926648,0.337935347,0.042768545,0.409555574,0.268439395,0.350255339,0.038727464,0.408542247,0.276926648,0.335430011,0.041573457,0.399851187,0.258006329
PRSA2017,12,"['PM2.5', 'PM10', 'SO2', 'NO2', 'CO', 'O3', 'TEMP', 'PRES', 'DEWP', 'RAIN', 'wd', 'WSPM']",1,100,50,32,-1,15,9,2,4,1,00:00:07,0.75,GRU,2023:02:16 12:25:19,1553 seconds,19884,00:00:30,0,0.075284784,0.00318877,0.079146244,0.067482024,0.332497858,0.03108935,0.386032562,0.288774636,0.326594061,0.0394309,0.386143196,0.270415851,0.332497858,0.03108935,0.386032562,0.288774636,0.319544696,0.037766077,0.378343242,0.266147089
PRSA2017,12,"['PM2.5', 'PM10', 'SO2', 'NO2', 'CO', 'O3', 'TEMP', 'PRES', 'DEWP', 'RAIN', 'wd', 'WSPM']",1,100,50,32,-1,15,9,2,4,1,00:00:08,0.75,GRU,2023:02:16 12:51:37,1577 seconds,21612,00:00:30,0,0.075313783,0.001561046,0.078441545,0.072657846,0.312425021,0.037949217,0.372107969,0.251928021,0.305245385,0.044795835,0.383976107,0.249326425,0.312425021,0.037949217,0.372107969,0.251928021,0.299300586,0.040260664,0.36610517,0.239289428
PRSA2017,12,"['PM2.5', 'PM10', 'SO2', 'NO2', 'CO', 'O3', 'TEMP', 'PRES', 'DEWP', 'RAIN', 'wd', 'WSPM']",1,100,50,32,-1,15,9,2,4,1,00:00:09,0.75,GRU,2023:02:16 13:10:42,1145 seconds,23340,00:00:30,0,0.076796421,0.002765915,0.082212821,0.071247101,0.30961868,0.043485153,0.370822622,0.244215938,0.302150673,0.050525943,0.389364965,0.238390828,0.30961868,0.043485153,0.370822622,0.244215938,0.297617199,0.046811696,0.369913105,0.233968445
PRSA2017,12,"['PM2.5', 'PM10', 'SO2', 'NO2', 'CO', 'O3', 'TEMP', 'PRES', 'DEWP', 'RAIN', 'wd', 'WSPM']",1,100,50,32,-1,15,9,2,4,1,00:00:10,0.75,GRU,2023:02:16 13:27:36,1013 seconds,25068,00:00:30,0,0.077013759,0.002300512,0.080147281,0.073418617,0.314283033,0.041929383,0.363175676,0.253566066,0.304846702,0.048973055,0.371958477,0.243423178,0.314283033,0.041929383,0.363175676,0.253566066,0.300719784,0.046834844,0.354993722,0.237615825
PRSA2017,12,"['PM2.5', 'PM10', 'SO2', 'NO2', 'CO', 'O3', 'TEMP', 'PRES', 'DEWP', 'RAIN', 'wd', 'WSPM']",1,100,50,32,-1,15,9,2,4,1,00:00:03,0.75,GRU,2023:02:16 14:10:33,2576 seconds,12972,00:01:00,0,0.068336109,0.004697593,0.075082712,0.061702941,0.419668737,0.04162585,0.466873706,0.337991718,0.416325405,0.049927679,0.489376434,0.327790568,0.419668737,0.04162585,0.466873706,0.337991718,0.406977572,0.047838185,0.46253818,0.315790621
PRSA2017,12,"['PM2.5', 'PM10', 'SO2', 'NO2', 'CO', 'O3', 'TEMP', 'PRES', 'DEWP', 'RAIN', 'wd', 'WSPM']",1,100,50,32,-1,15,9,2,4,1,00:00:04,0.75,GRU,2023:02:16 14:49:25,2331 seconds,14700,00:01:00,0,0.06930186,0.005554035,0.080388106,0.061769847,0.413087935,0.045120882,0.495398773,0.345603272,0.406408384,0.05509115,0.499917048,0.318288675,0.413087935,0.045120882,0.495398773,0.345603272,0.400394541,0.052652695,0.488121529,0.314943322
PRSA2017,12,"['PM2.5', 'PM10', 'SO2', 'NO2', 'CO', 'O3', 'TEMP', 'PRES', 'DEWP', 'RAIN', 'wd', 'WSPM']",1,100,50,32,-1,15,9,2,4,1,00:00:05,0.75,GRU,2023:02:16 15:13:27,1441 seconds,16428,00:01:00,0,0.071708202,0.004734855,0.079014942,0.065603293,0.400150602,0.045893776,0.455321285,0.328313253,0.392980681,0.058860843,0.473241497,0.304870983,0.400150602,0.045893776,0.455321285,0.328313253,0.387063565,0.055198761,0.45434186,0.3021738
PRSA2017,12,"['PM2.5', 'PM10', 'SO2', 'NO2', 'CO', 'O3', 'TEMP', 'PRES', 'DEWP', 'RAIN', 'wd', 'WSPM']",1,100,50,32,-1,15,9,2,4,1,00:00:06,0.75,GRU,2023:02:16 15:37:21,1434 seconds,18156,00:01:00,0,0.07337814,0.003873712,0.081013232,0.068582185,0.382329317,0.037684857,0.426706827,0.320281124,0.375105114,0.049382172,0.446643564,0.300118118,0.382329317,0.037684857,0.426706827,0.320281124,0.368778318,0.044660141,0.422741901,0.294027826
PRSA2017,12,"['PM2.5', 'PM10', 'SO2', 'NO2', 'CO', 'O3', 'TEMP', 'PRES', 'DEWP', 'RAIN', 'wd', 'WSPM']",1,100,50,32,-1,15,9,2,4,1,00:00:07,0.75,GRU,2023:02:16 16:01:06,1425 seconds,19884,00:01:00,0,0.07546073,0.004190773,0.082135372,0.07019531,0.363953488,0.0553051,0.432170543,0.286821705,0.359176047,0.068063228,0.45125443,0.273182527,0.363953488,0.0553051,0.432170543,0.286821705,0.353637414,0.061223114,0.431875288,0.273335217
PRSA2017,12,"['PM2.5', 'PM10', 'SO2', 'NO2', 'CO', 'O3', 'TEMP', 'PRES', 'DEWP', 'RAIN', 'wd', 'WSPM']",1,100,50,32,-1,15,9,2,4,1,00:00:08,0.75,GRU,2023:02:16 16:25:17,1450 seconds,21612,00:01:00,0,0.073932631,0.003063051,0.078592531,0.068949506,0.359108527,0.050443376,0.426841085,0.289244186,0.351131252,0.061980347,0.446506724,0.273669814,0.359108527,0.050443376,0.426841085,0.289244186,0.346495458,0.056966545,0.425161785,0.274947264
PRSA2017,12,"['PM2.5', 'PM10', 'SO2', 'NO2', 'CO', 'O3', 'TEMP', 'PRES', 'DEWP', 'RAIN', 'wd', 'WSPM']",1,100,50,32,-1,15,9,2,4,1,00:00:09,0.75,GRU,2023:02:16 16:42:14,1016 seconds,23340,00:01:00,0,0.078890587,0.003522636,0.083901532,0.07266061,0.335174419,0.06540188,0.422965116,0.251937984,0.332088676,0.078219295,0.445841564,0.238411211,0.335174419,0.06540188,0.422965116,0.251937984,0.325387831,0.071816653,0.42040122,0.234557413
PRSA2017,12,"['PM2.5', 'PM10', 'SO2', 'NO2', 'CO', 'O3', 'TEMP', 'PRES', 'DEWP', 'RAIN', 'wd', 'WSPM']",1,100,50,32,-1,15,9,2,4,1,00:00:10,0.75,GRU,2023:02:16 16:59:18,1023 seconds,25068,00:01:00,0,0.076845733,0.003083194,0.081586264,0.070714675,0.342167577,0.062375586,0.421675774,0.249544627,0.334751383,0.073332976,0.43069065,0.238020148,0.342167577,0.062375586,0.421675774,0.249544627,0.329738338,0.06825509,0.41425323,0.236734053
PRSA2017,12,"['PM2.5', 'PM10', 'SO2', 'NO2', 'CO', 'O3', 'TEMP', 'PRES', 'DEWP', 'RAIN', 'wd', 'WSPM']",1,100,50,32,-1,15,9,2,4,1,00:00:30,0.75,GRU,2023:02:16 17:07:24,486 seconds,59628,00:01:00,0,0.084696834,0.002184935,0.089187808,0.081830844,0.248739977,0.051975148,0.352520046,0.197594502,0.243896789,0.063732347,0.369879009,0.182588107,0.248739977,0.051975148,0.352520046,0.197594502,0.237057877,0.055901588,0.347310324,0.18138292
PRSA2017,12,"['PM2.5', 'PM10', 'SO2', 'NO2', 'CO', 'O3', 'TEMP', 'PRES', 'DEWP', 'RAIN', 'wd', 'WSPM']",1,100,50,32,-1,15,9,2,4,1,00:00:03,0.75,GRU,2023:02:16 17:50:04,2559 seconds,12972,00:02:00,0,0.068782959,0.005660451,0.076454148,0.061259303,0.415084388,0.042131414,0.476793249,0.353375527,0.40361701,0.056204888,0.484933687,0.319876887,0.415084388,0.042131414,0.476793249,0.353375527,0.395218782,0.053526957,0.474662612,0.315208833
PRSA2017,12,"['PM2.5', 'PM10', 'SO2', 'NO2', 'CO', 'O3', 'TEMP', 'PRES', 'DEWP', 'RAIN', 'wd', 'WSPM']",1,100,50,32,-1,15,9,2,4,1,00:00:04,0.75,GRU,2023:02:16 18:33:01,2577 seconds,14700,00:02:00,0,0.06891671,0.007715452,0.084346123,0.059549119,0.423312236,0.065951557,0.51371308,0.310126582,0.424986337,0.070491259,0.505533366,0.295365164,0.423312236,0.065951557,0.51371308,0.310126582,0.411134018,0.073495396,0.507094006,0.284719014
PRSA2017,12,"['PM2.5', 'PM10', 'SO2', 'NO2', 'CO', 'O3', 'TEMP', 'PRES', 'DEWP', 'RAIN', 'wd', 'WSPM']",1,100,50,32,-1,15,9,2,4,1,00:00:05,0.75,GRU,2023:02:16 18:54:49,1307 seconds,16428,00:02:00,0,0.070624011,0.007551914,0.080118082,0.058306184,0.421979167,0.061970763,0.509375,0.34375,0.419678196,0.080164064,0.519224802,0.320586309,0.421979167,0.061970763,0.509375,0.34375,0.409561641,0.071634868,0.504933154,0.323444176
PRSA2017,12,"['PM2.5', 'PM10', 'SO2', 'NO2', 'CO', 'O3', 'TEMP', 'PRES', 'DEWP', 'RAIN', 'wd', 'WSPM']",1,100,50,32,-1,15,9,2,4,1,00:00:06,0.75,GRU,2023:02:16 19:16:44,1315 seconds,18156,00:02:00,0,0.072353382,0.006029668,0.080923118,0.064103447,0.408854167,0.05398055,0.492708333,0.316666667,0.416303559,0.065354722,0.516043115,0.317352991,0.408854167,0.05398055,0.492708333,0.316666667,0.397749874,0.060000443,0.484868214,0.300773073
PRSA2017,12,"['PM2.5', 'PM10', 'SO2', 'NO2', 'CO', 'O3', 'TEMP', 'PRES', 'DEWP', 'RAIN', 'wd', 'WSPM']",1,100,50,32,-1,15,9,2,4,1,00:00:07,0.75,GRU,2023:02:16 19:36:14,1169 seconds,19884,00:02:00,0,0.07179757,0.005152389,0.078931339,0.064618178,0.394238683,0.058317636,0.486625514,0.301440329,0.393777207,0.069408043,0.507356536,0.312430761,0.394238683,0.058317636,0.486625514,0.301440329,0.382597062,0.065284301,0.482310917,0.287329518
PRSA2017,12,"['PM2.5', 'PM10', 'SO2', 'NO2', 'CO', 'O3', 'TEMP', 'PRES', 'DEWP', 'RAIN', 'wd', 'WSPM']",1,100,50,32,-1,15,9,2,4,1,00:00:08,0.75,GRU,2023:02:16 19:55:49,1174 seconds,21612,00:02:00,0,0.075936788,0.007197776,0.086725995,0.06625592,0.373251029,0.0744657,0.466049383,0.251028807,0.370593978,0.083465841,0.479940666,0.251155455,0.373251029,0.0744657,0.466049383,0.251028807,0.362028206,0.079002887,0.456727262,0.242396797
PRSA2017,12,"['PM2.5', 'PM10', 'SO2', 'NO2', 'CO', 'O3', 'TEMP', 'PRES', 'DEWP', 'RAIN', 'wd', 'WSPM']",1,100,50,32,-1,15,9,2,4,1,00:00:09,0.75,GRU,2023:02:16 20:09:20,810 seconds,23340,00:02:00,0,0.074933321,0.006660275,0.08352612,0.065078139,0.375411523,0.074254538,0.469135802,0.277777778,0.37815355,0.083396881,0.502424263,0.281015449,0.375411523,0.074254538,0.469135802,0.277777778,0.365593534,0.081752334,0.470563379,0.266269313
PRSA2017,12,"['PM2.5', 'PM10', 'SO2', 'NO2', 'CO', 'O3', 'TEMP', 'PRES', 'DEWP', 'RAIN', 'wd', 'WSPM']",1,100,50,32,-1,15,9,2,4,1,00:00:10,0.75,GRU,2023:02:16 20:24:45,924 seconds,25068,00:02:00,0,0.077875195,0.006999866,0.086119115,0.06681589,0.34375,0.081177531,0.458333333,0.238095238,0.343816703,0.0936617,0.483372096,0.2363092,0.34375,0.081177531,0.458333333,0.238095238,0.333510455,0.085343456,0.449832276,0.226827933
PRSA2017,12,"['PM2.5', 'PM10', 'SO2', 'NO2', 'CO', 'O3', 'TEMP', 'PRES', 'DEWP', 'RAIN', 'wd', 'WSPM']",1,100,50,32,-1,15,9,2,4,1,00:00:30,0.75,GRU,2023:02:16 20:32:11,445 seconds,59628,00:02:00,0,0.086119218,0.004241172,0.091448314,0.079602867,0.271391753,0.069444775,0.379725086,0.199312715,0.272816733,0.086130683,0.419898465,0.185384676,0.271391753,0.069444775,0.379725086,0.199312715,0.262372669,0.073262127,0.378486277,0.188006959
PRSA2017,12,"['PM2.5', 'PM10', 'SO2', 'NO2', 'CO', 'O3', 'TEMP', 'PRES', 'DEWP', 'RAIN', 'wd', 'WSPM']",1,100,50,32,-1,15,9,2,4,1,00:01:00,0.75,GRU,2023:02:16 20:37:39,328 seconds,111468,00:02:00,0,0.088010517,0.002322472,0.093475446,0.084951699,0.230894309,0.058042049,0.343495935,0.146341463,0.22729908,0.071128694,0.384066088,0.141497272,0.230894309,0.058042049,0.343495935,0.146341463,0.221353068,0.061797546,0.347064323,0.138284152
PRSA2017,12,"['PM2.5', 'PM10', 'SO2', 'NO2', 'CO', 'O3', 'TEMP', 'PRES', 'DEWP', 'RAIN', 'wd', 'WSPM']",1,100,50,32,-1,15,9,2,4,1,00:00:03,0.75,GRU,2023:02:16 21:19:38,2518 seconds,12972,00:03:00,0,0.066443236,0.006597839,0.076730803,0.056118391,0.420833333,0.040783289,0.495192308,0.373397436,0.43277401,0.049843335,0.516956105,0.357652795,0.420833333,0.040783289,0.495192308,0.373397436,0.409919013,0.049711243,0.492799922,0.353800776
PRSA2017,12,"['PM2.5', 'PM10', 'SO2', 'NO2', 'CO', 'O3', 'TEMP', 'PRES', 'DEWP', 'RAIN', 'wd', 'WSPM']",1,100,50,32,-1,15,9,2,4,1,00:00:04,0.75,GRU,2023:02:16 22:01:45,2527 seconds,14700,00:03:00,0,0.070032877,0.006862592,0.083568826,0.059431504,0.3875,0.052327092,0.463141026,0.294871795,0.388011502,0.057758633,0.454309566,0.283860299,0.3875,0.052327092,0.463141026,0.294871795,0.373702243,0.057774782,0.453949167,0.269281255
PRSA2017,12,"['PM2.5', 'PM10', 'SO2', 'NO2', 'CO', 'O3', 'TEMP', 'PRES', 'DEWP', 'RAIN', 'wd', 'WSPM']",1,100,50,32,-1,15,9,2,4,1,00:00:05,0.75,GRU,2023:02:16 22:23:10,1284 seconds,16428,00:03:00,0,0.070059422,0.006828112,0.080794498,0.061724793,0.409748428,0.051648969,0.477987421,0.336477987,0.409254695,0.057538037,0.476724428,0.324632857,0.409748428,0.051648969,0.477987421,0.336477987,0.393914218,0.060268526,0.470897261,0.301538098
PRSA2017,12,"['PM2.5', 'PM10', 'SO2', 'NO2', 'CO', 'O3', 'TEMP', 'PRES', 'DEWP', 'RAIN', 'wd', 'WSPM']",1,100,50,32,-1,15,9,2,4,1,00:00:06,0.75,GRU,2023:02:16 22:44:36,1285 seconds,18156,00:03:00,0,0.075112748,0.007665829,0.086130939,0.063258275,0.361792453,0.067053619,0.466981132,0.27672956,0.363763893,0.082653047,0.490172407,0.258087108,0.361792453,0.067053619,0.466981132,0.27672956,0.351350521,0.074877426,0.470704119,0.256072523
PRSA2017,12,"['PM2.5', 'PM10', 'SO2', 'NO2', 'CO', 'O3', 'TEMP', 'PRES', 'DEWP', 'RAIN', 'wd', 'WSPM']",1,100,50,32,-1,15,9,2,4,1,00:00:07,0.75,GRU,2023:02:16 23:03:54,1157 seconds,19884,00:03:00,0,0.073439775,0.005779288,0.082132719,0.06530384,0.372955975,0.063778361,0.446540881,0.267295597,0.365830563,0.071244052,0.455819679,0.271668575,0.372955975,0.063778361,0.446540881,0.267295597,0.354151311,0.067400448,0.43306544,0.253521688
PRSA2017,12,"['PM2.5', 'PM10', 'SO2', 'NO2', 'CO', 'O3', 'TEMP', 'PRES', 'DEWP', 'RAIN', 'wd', 'WSPM']",1,100,50,32,-1,15,9,2,4,1,00:00:08,0.75,GRU,2023:02:16 23:23:17,1162 seconds,21612,00:03:00,0,0.074742932,0.006129373,0.085268833,0.067662656,0.375943396,0.052405686,0.449685535,0.294025157,0.379553504,0.065050971,0.486428589,0.271060667,0.375943396,0.052405686,0.449685535,0.294025157,0.364483668,0.058599097,0.453387926,0.275462314
PRSA2017,12,"['PM2.5', 'PM10', 'SO2', 'NO2', 'CO', 'O3', 'TEMP', 'PRES', 'DEWP', 'RAIN', 'wd', 'WSPM']",1,100,50,32,-1,15,9,2,4,1,00:00:09,0.75,GRU,2023:02:16 23:36:26,789 seconds,23340,00:03:00,0,0.076620668,0.007177791,0.089163028,0.064796701,0.360377358,0.064257219,0.460691824,0.264150943,0.364408749,0.079324912,0.470924841,0.250557347,0.360377358,0.064257219,0.460691824,0.264150943,0.348282483,0.069990693,0.456773428,0.242824186
PRSA2017,12,"['PM2.5', 'PM10', 'SO2', 'NO2', 'CO', 'O3', 'TEMP', 'PRES', 'DEWP', 'RAIN', 'wd', 'WSPM']",1,100,50,32,-1,15,9,2,4,1,00:00:10,0.75,GRU,2023:02:16 23:51:20,893 seconds,25068,00:03:00,0,0.078948209,0.006783227,0.088309467,0.068973154,0.353395062,0.074803507,0.445987654,0.225308642,0.356568899,0.087406617,0.464785243,0.214508524,0.353395062,0.074803507,0.445987654,0.225308642,0.341192074,0.0784537,0.441633994,0.209869453
PRSA2017,12,"['PM2.5', 'PM10', 'SO2', 'NO2', 'CO', 'O3', 'TEMP', 'PRES', 'DEWP', 'RAIN', 'wd', 'WSPM']",1,100,50,32,-1,15,9,2,4,1,00:00:30,0.75,GRU,2023:02:16 23:58:15,414 seconds,59628,00:03:00,0,0.085865071,0.004096014,0.090251863,0.078342363,0.269398907,0.071456837,0.382513661,0.192622951,0.273503542,0.092920994,0.436788739,0.185093427,0.269398907,0.071456837,0.382513661,0.192622951,0.258635873,0.074134139,0.383006448,0.184563293
PRSA2017,12,"['PM2.5', 'PM10', 'SO2', 'NO2', 'CO', 'O3', 'TEMP', 'PRES', 'DEWP', 'RAIN', 'wd', 'WSPM']",1,100,50,32,-1,15,9,2,4,1,00:01:00,0.75,GRU,2023:02:17 00:03:01,285 seconds,111468,00:03:00,0,0.087232466,0.005436683,0.093701512,0.074123532,0.250367647,0.068335887,0.404411765,0.171568627,0.249179193,0.093287316,0.469677255,0.158024246,0.250367647,0.068335887,0.404411765,0.171568627,0.240627069,0.073864437,0.408564032,0.163384779
PRSA2017,12,"['PM2.5', 'PM10', 'SO2', 'NO2', 'CO', 'O3', 'TEMP', 'PRES', 'DEWP', 'RAIN', 'wd', 'WSPM']",1,100,50,32,-1,15,9,2,4,1,00:02:00,0.75,GRU,2023:02:17 00:06:31,210 seconds,215148,00:03:00,0,0.086997753,0.001996349,0.089925967,0.084797293,0.234640523,0.055287946,0.348856209,0.155228758,0.232243187,0.0700718,0.390410454,0.143163855,0.234640523,0.055287946,0.348856209,0.155228758,0.224027068,0.057616896,0.347107496,0.146125889
PRSA2017,12,"['PM2.5', 'PM10', 'SO2', 'NO2', 'CO', 'O3', 'TEMP', 'PRES', 'DEWP', 'RAIN', 'wd', 'WSPM']",1,100,50,32,-1,15,9,2,4,1,00:00:03,0.75,GRU,2023:02:17 00:44:12,2260 seconds,12972,00:04:00,0,0.070099565,0.006184725,0.078332096,0.059275031,0.374786325,0.047962352,0.463675214,0.303418803,0.367562037,0.055980431,0.455155059,0.273831759,0.374786325,0.047962352,0.463675214,0.303418803,0.359271406,0.051353067,0.445589205,0.286090749
PRSA2017,12,"['PM2.5', 'PM10', 'SO2', 'NO2', 'CO', 'O3', 'TEMP', 'PRES', 'DEWP', 'RAIN', 'wd', 'WSPM']",1,100,50,32,-1,15,9,2,4,1,00:00:04,0.75,GRU,2023:02:17 01:21:49,2257 seconds,14700,00:04:00,0,0.075241926,0.005031509,0.084896222,0.065949112,0.330769231,0.052798103,0.395299145,0.239316239,0.323893353,0.058626669,0.404461813,0.212198113,0.330769231,0.052798103,0.395299145,0.239316239,0.313108223,0.054956471,0.378265749,0.205781372
PRSA2017,12,"['PM2.5', 'PM10', 'SO2', 'NO2', 'CO', 'O3', 'TEMP', 'PRES', 'DEWP', 'RAIN', 'wd', 'WSPM']",1,100,50,32,-1,15,9,2,4,1,00:00:05,0.75,GRU,2023:02:17 01:43:11,1281 seconds,16428,00:04:00,0,0.072660355,0.006973736,0.08193928,0.064368919,0.362820513,0.070095892,0.435897436,0.243589744,0.359645188,0.07875433,0.448305784,0.22666228,0.362820513,0.070095892,0.435897436,0.243589744,0.348051289,0.071322381,0.43602752,0.224599346
PRSA2017,12,"['PM2.5', 'PM10', 'SO2', 'NO2', 'CO', 'O3', 'TEMP', 'PRES', 'DEWP', 'RAIN', 'wd', 'WSPM']",1,100,50,32,-1,15,9,2,4,1,00:00:06,0.75,GRU,2023:02:17 02:04:45,1294 seconds,18156,00:04:00,0,0.072111338,0.008920941,0.084001489,0.058089506,0.392735043,0.065230812,0.506410256,0.30982906,0.398174361,0.078541943,0.514905292,0.299168688,0.392735043,0.065230812,0.506410256,0.30982906,0.380096379,0.073160047,0.495321763,0.292968963
PRSA2017,12,"['PM2.5', 'PM10', 'SO2', 'NO2', 'CO', 'O3', 'TEMP', 'PRES', 'DEWP', 'RAIN', 'wd', 'WSPM']",1,100,50,32,-1,15,9,2,4,1,00:00:07,0.75,GRU,2023:02:17 02:26:17,1291 seconds,19884,00:04:00,0,0.074798845,0.007868369,0.085478663,0.06254103,0.358974359,0.061045329,0.435897436,0.247863248,0.358053452,0.072269104,0.478733942,0.237478846,0.358974359,0.061045329,0.435897436,0.247863248,0.344682434,0.061199606,0.43257339,0.231672494
PRSA2017,12,"['PM2.5', 'PM10', 'SO2', 'NO2', 'CO', 'O3', 'TEMP', 'PRES', 'DEWP', 'RAIN', 'wd', 'WSPM']",1,100,50,32,-1,15,9,2,4,1,00:00:08,0.75,GRU,2023:02:17 02:47:53,1295 seconds,21612,00:04:00,0,0.072832255,0.006661132,0.082595825,0.063639522,0.369444444,0.058325506,0.455128205,0.282051282,0.368559784,0.06343888,0.455069645,0.278282997,0.369444444,0.058325506,0.455128205,0.282051282,0.35569795,0.060437977,0.441925505,0.26447958
PRSA2017,12,"['PM2.5', 'PM10', 'SO2', 'NO2', 'CO', 'O3', 'TEMP', 'PRES', 'DEWP', 'RAIN', 'wd', 'WSPM']",1,100,50,32,-1,15,9,2,4,1,00:00:09,0.75,GRU,2023:02:17 03:02:34,880 seconds,23340,00:04:00,0,0.073625691,0.008522348,0.085912049,0.062387504,0.384188034,0.065405561,0.482905983,0.303418803,0.394955035,0.071946509,0.502896055,0.277552937,0.384188034,0.065405561,0.482905983,0.303418803,0.376605967,0.069223941,0.478173314,0.281113967
PRSA2017,12,"['PM2.5', 'PM10', 'SO2', 'NO2', 'CO', 'O3', 'TEMP', 'PRES', 'DEWP', 'RAIN', 'wd', 'WSPM']",1,100,50,32,-1,15,9,2,4,1,00:00:10,0.75,GRU,2023:02:17 03:17:17,883 seconds,25068,00:04:00,0,0.076695505,0.007258743,0.087770768,0.064142101,0.348958333,0.068953298,0.433333333,0.241666667,0.352209723,0.070729326,0.460189133,0.238237357,0.348958333,0.068953298,0.433333333,0.241666667,0.339770661,0.069918638,0.431975441,0.231762024
PRSA2017,12,"['PM2.5', 'PM10', 'SO2', 'NO2', 'CO', 'O3', 'TEMP', 'PRES', 'DEWP', 'RAIN', 'wd', 'WSPM']",1,100,50,32,-1,15,9,2,4,1,00:00:30,0.75,GRU,2023:02:17 03:24:00,402 seconds,59628,00:04:00,0,0.087310465,0.007402926,0.093892448,0.071387514,0.283139535,0.077157343,0.447674419,0.207364341,0.280425108,0.089155051,0.469034178,0.192633788,0.283139535,0.077157343,0.447674419,0.207364341,0.270457218,0.079670338,0.437270908,0.192150167
PRSA2017,12,"['PM2.5', 'PM10', 'SO2', 'NO2', 'CO', 'O3', 'TEMP', 'PRES', 'DEWP', 'RAIN', 'wd', 'WSPM']",1,100,50,32,-1,15,9,2,4,1,00:01:00,0.75,GRU,2023:02:17 03:28:28,267 seconds,111468,00:04:00,0,0.089308265,0.005301598,0.095068291,0.076865301,0.245212766,0.057688453,0.368794326,0.189716312,0.24708694,0.07707435,0.402334744,0.181542352,0.245212766,0.057688453,0.368794326,0.189716312,0.233738522,0.061250528,0.358308221,0.171901342
PRSA2017,12,"['PM2.5', 'PM10', 'SO2', 'NO2', 'CO', 'O3', 'TEMP', 'PRES', 'DEWP', 'RAIN', 'wd', 'WSPM']",1,100,50,32,-1,15,9,2,4,1,00:02:00,0.75,GRU,2023:02:17 03:31:50,201 seconds,215148,00:04:00,0,0.087547458,0.003799405,0.093225189,0.081173427,0.235245902,0.043000465,0.323770492,0.177595628,0.232934237,0.060727782,0.370190266,0.163481896,0.235245902,0.043000465,0.323770492,0.177595628,0.222993001,0.045011087,0.314011819,0.162861204
PRSA2017,12,"['PM2.5', 'PM10', 'SO2', 'NO2', 'CO', 'O3', 'TEMP', 'PRES', 'DEWP', 'RAIN', 'wd', 'WSPM']",1,100,50,32,-1,15,9,2,4,1,00:03:00,0.75,GRU,2023:02:17 03:35:05,195 seconds,318828,00:04:00,0,0.086845773,0.001405395,0.089734979,0.084361821,0.204575163,0.055972341,0.322712418,0.144607843,0.20630039,0.072887622,0.386523434,0.14958302,0.204575163,0.055972341,0.322712418,0.144607843,0.192711777,0.057430762,0.314648874,0.135929314
PRSA2017,12,"['PM2.5', 'PM10', 'SO2', 'NO2', 'CO', 'O3', 'TEMP', 'PRES', 'DEWP', 'RAIN', 'wd', 'WSPM']",1,100,50,32,-1,15,9,2,4,1,00:00:03,0.75,GRU,2023:02:17 04:17:06,2520 seconds,12972,00:05:00,0,0.066127711,0.004959388,0.075446628,0.059639104,0.382526882,0.031350356,0.430107527,0.336021505,0.373199565,0.042979709,0.451515391,0.299470978,0.382526882,0.031350356,0.430107527,0.336021505,0.362856962,0.038323213,0.428708095,0.300124059
PRSA2017,12,"['PM2.5', 'PM10', 'SO2', 'NO2', 'CO', 'O3', 'TEMP', 'PRES', 'DEWP', 'RAIN', 'wd', 'WSPM']",1,100,50,32,-1,15,9,2,4,1,00:00:04,0.75,GRU,2023:02:17 04:59:15,2528 seconds,14700,00:05:00,0,0.074326859,0.00504471,0.082215928,0.066834405,0.314247312,0.05317487,0.403225806,0.233870968,0.308702948,0.062185284,0.413070675,0.232305819,0.314247312,0.05317487,0.403225806,0.233870968,0.300531406,0.055453463,0.400405889,0.224903793
PRSA2017,12,"['PM2.5', 'PM10', 'SO2', 'NO2', 'CO', 'O3', 'TEMP', 'PRES', 'DEWP', 'RAIN', 'wd', 'WSPM']",1,100,50,32,-1,15,9,2,4,1,00:00:05,0.75,GRU,2023:02:17 05:20:34,1278 seconds,16428,00:05:00,0,0.071366797,0.005261382,0.078720972,0.065387592,0.364516129,0.046934591,0.432795699,0.290322581,0.361858923,0.056562824,0.453512572,0.291898235,0.364516129,0.046934591,0.432795699,0.290322581,0.349239067,0.053228039,0.420268978,0.279743595
PRSA2017,12,"['PM2.5', 'PM10', 'SO2', 'NO2', 'CO', 'O3', 'TEMP', 'PRES', 'DEWP', 'RAIN', 'wd', 'WSPM']",1,100,50,32,-1,15,9,2,4,1,00:00:06,0.75,GRU,2023:02:17 05:41:55,1281 seconds,18156,00:05:00,0,0.075328969,0.006358119,0.08828631,0.067187205,0.33844086,0.054424033,0.435483871,0.241935484,0.33347821,0.05238848,0.436915495,0.246542818,0.33844086,0.054424033,0.435483871,0.241935484,0.322796859,0.052742647,0.413358686,0.228919781
PRSA2017,12,"['PM2.5', 'PM10', 'SO2', 'NO2', 'CO', 'O3', 'TEMP', 'PRES', 'DEWP', 'RAIN', 'wd', 'WSPM']",1,100,50,32,-1,15,9,2,4,1,00:00:07,0.75,GRU,2023:02:17 06:03:25,1289 seconds,19884,00:05:00,0,0.07385929,0.004034028,0.08227843,0.068374015,0.348387097,0.044076186,0.405913978,0.282258065,0.349231875,0.058406923,0.432852091,0.237546812,0.348387097,0.044076186,0.405913978,0.282258065,0.329033359,0.051656846,0.394491902,0.239750089
PRSA2017,12,"['PM2.5', 'PM10', 'SO2', 'NO2', 'CO', 'O3', 'TEMP', 'PRES', 'DEWP', 'RAIN', 'wd', 'WSPM']",1,100,50,32,-1,15,9,2,4,1,00:00:08,0.75,GRU,2023:02:17 06:24:57,1292 seconds,21612,00:05:00,0,0.075136358,0.007584776,0.087954462,0.06532649,0.339247312,0.082564963,0.430107527,0.198924731,0.33929743,0.085358421,0.450586329,0.238756692,0.339247312,0.082564963,0.430107527,0.198924731,0.319740588,0.084628813,0.421839826,0.179426963
PRSA2017,12,"['PM2.5', 'PM10', 'SO2', 'NO2', 'CO', 'O3', 'TEMP', 'PRES', 'DEWP', 'RAIN', 'wd', 'WSPM']",1,100,50,32,-1,15,9,2,4,1,00:00:09,0.75,GRU,2023:02:17 06:39:30,873 seconds,23340,00:05:00,0,0.079376824,0.007920576,0.09350425,0.066510655,0.347043011,0.068782018,0.446236559,0.228494624,0.348886694,0.081914159,0.482062875,0.245855133,0.347043011,0.068782018,0.446236559,0.228494624,0.331432772,0.068229396,0.42514408,0.212679166
PRSA2017,12,"['PM2.5', 'PM10', 'SO2', 'NO2', 'CO', 'O3', 'TEMP', 'PRES', 'DEWP', 'RAIN', 'wd', 'WSPM']",1,100,50,32,-1,15,9,2,4,1,00:00:10,0.75,GRU,2023:02:17 06:52:28,777 seconds,25068,00:05:00,0,0.079015612,0.007652979,0.091068707,0.062736452,0.337239583,0.071053675,0.466145833,0.2421875,0.348496074,0.083832712,0.487364078,0.243712264,0.337239583,0.071053675,0.466145833,0.2421875,0.32929983,0.071907181,0.453511869,0.232179853
PRSA2017,12,"['PM2.5', 'PM10', 'SO2', 'NO2', 'CO', 'O3', 'TEMP', 'PRES', 'DEWP', 'RAIN', 'wd', 'WSPM']",1,100,50,32,-1,15,9,2,4,1,00:00:30,0.75,GRU,2023:02:17 06:59:00,392 seconds,59628,00:05:00,0,0.086118196,0.009480528,0.095473357,0.068037756,0.278921569,0.077729704,0.424019608,0.18627451,0.275132306,0.077471538,0.419300144,0.17796745,0.278921569,0.077729704,0.424019608,0.18627451,0.267059145,0.074925005,0.408618686,0.175506625
PRSA2017,12,"['PM2.5', 'PM10', 'SO2', 'NO2', 'CO', 'O3', 'TEMP', 'PRES', 'DEWP', 'RAIN', 'wd', 'WSPM']",1,100,50,32,-1,15,9,2,4,1,00:01:00,0.75,GRU,2023:02:17 07:03:19,258 seconds,111468,00:05:00,0,0.08933579,0.006801265,0.098523602,0.077434115,0.235185185,0.061820726,0.351851852,0.164351852,0.236524148,0.075420961,0.392297179,0.154119165,0.235185185,0.061820726,0.351851852,0.164351852,0.223526136,0.061909552,0.339785684,0.155970552
PRSA2017,12,"['PM2.5', 'PM10', 'SO2', 'NO2', 'CO', 'O3', 'TEMP', 'PRES', 'DEWP', 'RAIN', 'wd', 'WSPM']",1,100,50,32,-1,15,9,2,4,1,00:02:00,0.75,GRU,2023:02:17 07:06:26,186 seconds,215148,00:05:00,0,0.08741617,0.004030127,0.093358546,0.079641014,0.231060606,0.053360713,0.329545455,0.178030303,0.233015863,0.076861677,0.395640136,0.160967204,0.231060606,0.053360713,0.329545455,0.178030303,0.216934705,0.056977763,0.326109542,0.159239246
PRSA2017,12,"['PM2.5', 'PM10', 'SO2', 'NO2', 'CO', 'O3', 'TEMP', 'PRES', 'DEWP', 'RAIN', 'wd', 'WSPM']",1,100,50,32,-1,15,9,2,4,1,00:03:00,0.75,GRU,2023:02:17 07:09:31,184 seconds,318828,00:05:00,0,0.088672682,0.002534042,0.093027003,0.084977299,0.210784314,0.041925379,0.300245098,0.164215686,0.203737746,0.058469533,0.327515682,0.14272844,0.210784314,0.041925379,0.300245098,0.164215686,0.194979705,0.043715368,0.278666088,0.141077398
PRSA2017,12,"['PM2.5', 'PM10', 'SO2', 'NO2', 'CO', 'O3', 'TEMP', 'PRES', 'DEWP', 'RAIN', 'wd', 'WSPM']",1,100,50,32,-1,15,9,2,4,1,00:00:03,0.75,GRU,2023:02:17 07:51:22,2511 seconds,12972,00:06:00,0,0.076573846,0.003716883,0.081149235,0.069412224,0.283974359,0.048844303,0.358974359,0.208333333,0.281022125,0.054857627,0.376827346,0.205591757,0.283974359,0.048844303,0.358974359,0.208333333,0.270399298,0.047896231,0.342005679,0.192347777
PRSA2017,12,"['PM2.5', 'PM10', 'SO2', 'NO2', 'CO', 'O3', 'TEMP', 'PRES', 'DEWP', 'RAIN', 'wd', 'WSPM']",1,100,50,32,-1,15,9,2,4,1,00:00:04,0.75,GRU,2023:02:17 08:33:20,2517 seconds,14700,00:06:00,0,0.077263851,0.004883487,0.088734493,0.070727728,0.304166667,0.053468033,0.371794872,0.198717949,0.298074095,0.055252588,0.386394496,0.176593888,0.304166667,0.053468033,0.371794872,0.198717949,0.286141224,0.051950982,0.348423022,0.173058213
PRSA2017,12,"['PM2.5', 'PM10', 'SO2', 'NO2', 'CO', 'O3', 'TEMP', 'PRES', 'DEWP', 'RAIN', 'wd', 'WSPM']",1,100,50,32,-1,15,9,2,4,1,00:00:05,0.75,GRU,2023:02:17 08:54:45,1284 seconds,16428,00:06:00,0,0.077332041,0.005487988,0.086412594,0.06813103,0.287820513,0.076411224,0.397435897,0.16025641,0.277928584,0.068342339,0.375524523,0.151786656,0.287820513,0.076411224,0.397435897,0.16025641,0.267545785,0.07018958,0.361992871,0.151997678
PRSA2017,12,"['PM2.5', 'PM10', 'SO2', 'NO2', 'CO', 'O3', 'TEMP', 'PRES', 'DEWP', 'RAIN', 'wd', 'WSPM']",1,100,50,32,-1,15,9,2,4,1,00:00:06,0.75,GRU,2023:02:17 09:16:15,1290 seconds,18156,00:06:00,0,0.080961353,0.006867886,0.090523385,0.072050996,0.279487179,0.063874595,0.375,0.179487179,0.268106636,0.072098571,0.384984071,0.16107315,0.279487179,0.063874595,0.375,0.179487179,0.260661112,0.062459051,0.347269019,0.169112745
PRSA2017,12,"['PM2.5', 'PM10', 'SO2', 'NO2', 'CO', 'O3', 'TEMP', 'PRES', 'DEWP', 'RAIN', 'wd', 'WSPM']",1,100,50,32,-1,15,9,2,4,1,00:00:07,0.75,GRU,2023:02:17 09:37:48,1293 seconds,19884,00:06:00,0,0.07894439,0.005934096,0.08771392,0.067284569,0.296153846,0.052336907,0.375,0.224358974,0.288217557,0.055590063,0.36601951,0.200198134,0.296153846,0.052336907,0.375,0.224358974,0.278957914,0.052705938,0.358072451,0.2017014
PRSA2017,12,"['PM2.5', 'PM10', 'SO2', 'NO2', 'CO', 'O3', 'TEMP', 'PRES', 'DEWP', 'RAIN', 'wd', 'WSPM']",1,100,50,32,-1,15,9,2,4,1,00:00:08,0.75,GRU,2023:02:17 09:59:26,1297 seconds,21612,00:06:00,0,0.079516065,0.006358663,0.091000654,0.069813654,0.308974359,0.05910312,0.400641026,0.227564103,0.295071291,0.061765397,0.380662739,0.208715421,0.308974359,0.05910312,0.400641026,0.227564103,0.286982865,0.058735621,0.370991544,0.206424889
PRSA2017,12,"['PM2.5', 'PM10', 'SO2', 'NO2', 'CO', 'O3', 'TEMP', 'PRES', 'DEWP', 'RAIN', 'wd', 'WSPM']",1,100,50,32,-1,15,9,2,4,1,00:00:09,0.75,GRU,2023:02:17 10:14:08,881 seconds,23340,00:06:00,0,0.077309346,0.007296286,0.089467853,0.066198103,0.326282051,0.0593044,0.403846154,0.233974359,0.320517065,0.059941376,0.3963293,0.208814834,0.326282051,0.0593044,0.403846154,0.233974359,0.30666489,0.062984692,0.388074075,0.211795904
PRSA2017,12,"['PM2.5', 'PM10', 'SO2', 'NO2', 'CO', 'O3', 'TEMP', 'PRES', 'DEWP', 'RAIN', 'wd', 'WSPM']",1,100,50,32,-1,15,9,2,4,1,00:00:10,0.75,GRU,2023:02:17 10:28:50,882 seconds,25068,00:06:00,0,0.076194098,0.008472483,0.091069967,0.065122999,0.346794872,0.063341638,0.458333333,0.256410256,0.353417189,0.070687694,0.471699854,0.253242306,0.346794872,0.063341638,0.458333333,0.256410256,0.329933484,0.064972825,0.448376735,0.240868609
PRSA2017,12,"['PM2.5', 'PM10', 'SO2', 'NO2', 'CO', 'O3', 'TEMP', 'PRES', 'DEWP', 'RAIN', 'wd', 'WSPM']",1,100,50,32,-1,15,9,2,4,1,00:00:30,0.75,GRU,2023:02:17 10:35:19,388 seconds,59628,00:06:00,0,0.089049462,0.008512401,0.098724499,0.067877136,0.256481481,0.062957667,0.410493827,0.191358025,0.262138913,0.075211543,0.428250898,0.178342421,0.256481481,0.062957667,0.410493827,0.191358025,0.244766535,0.06424973,0.399742167,0.179519203
PRSA2017,12,"['PM2.5', 'PM10', 'SO2', 'NO2', 'CO', 'O3', 'TEMP', 'PRES', 'DEWP', 'RAIN', 'wd', 'WSPM']",1,100,50,32,-1,15,9,2,4,1,00:01:00,0.75,GRU,2023:02:17 10:39:33,253 seconds,111468,00:06:00,0,0.088763556,0.00753189,0.097929738,0.076586232,0.240804598,0.068566855,0.379310345,0.175287356,0.245631108,0.098637581,0.468315373,0.153902346,0.240804598,0.068566855,0.379310345,0.175287356,0.2245448,0.072323392,0.373986858,0.152830179
PRSA2017,12,"['PM2.5', 'PM10', 'SO2', 'NO2', 'CO', 'O3', 'TEMP', 'PRES', 'DEWP', 'RAIN', 'wd', 'WSPM']",1,100,50,32,-1,15,9,2,4,1,00:02:00,0.75,GRU,2023:02:17 10:42:27,174 seconds,215148,00:06:00,0,0.089756463,0.00404168,0.096546732,0.084222458,0.217401961,0.059210837,0.31372549,0.134803922,0.217474831,0.085121871,0.36827629,0.113261643,0.217401961,0.059210837,0.31372549,0.134803922,0.202937171,0.06238971,0.295454908,0.117298037
PRSA2017,12,"['PM2.5', 'PM10', 'SO2', 'NO2', 'CO', 'O3', 'TEMP', 'PRES', 'DEWP', 'RAIN', 'wd', 'WSPM']",1,100,50,32,-1,15,9,2,4,1,00:03:00,0.75,GRU,2023:02:17 10:45:09,162 seconds,318828,00:06:00,0,0.088107551,0.003329294,0.092804722,0.083033115,0.205625,0.058726724,0.3125,0.1375,0.214355996,0.095308788,0.453389249,0.120854801,0.205625,0.058726724,0.3125,0.1375,0.193594114,0.05864822,0.305770601,0.122221354
PRSA2017,12,"['PM2.5', 'PM10', 'SO2', 'NO2', 'CO', 'O3', 'TEMP', 'PRES', 'DEWP', 'RAIN', 'wd', 'WSPM']",1,100,50,32,-1,15,9,2,4,1,00:04:00,0.75,GRU,2023:02:17 10:47:52,162 seconds,422508,00:06:00,0,0.086670533,0.00369234,0.091815643,0.080702119,0.207166667,0.059259552,0.315,0.135,0.213696362,0.088375844,0.417923158,0.117114589,0.207166667,0.059259552,0.315,0.135,0.194049585,0.060472495,0.308508369,0.11920152
PRSA2017,12,"['PM2.5', 'PM10', 'SO2', 'NO2', 'CO', 'O3', 'TEMP', 'PRES', 'DEWP', 'RAIN', 'wd', 'WSPM']",1,100,50,32,-1,15,9,2,4,1,00:00:03,0.75,GRU,2023:02:17 11:30:07,2534 seconds,12972,00:07:00,0,0.076961837,0.005874504,0.089274235,0.0693978,0.245454545,0.057764841,0.34469697,0.151515152,0.23076654,0.057116172,0.31860804,0.138144132,0.245454545,0.057764841,0.34469697,0.151515152,0.227672692,0.055526664,0.31286043,0.137510664
PRSA2017,12,"['PM2.5', 'PM10', 'SO2', 'NO2', 'CO', 'O3', 'TEMP', 'PRES', 'DEWP', 'RAIN', 'wd', 'WSPM']",1,100,50,32,-1,15,9,2,4,1,00:00:04,0.75,GRU,2023:02:17 12:12:33,2545 seconds,14700,00:07:00,0,0.075035348,0.004189881,0.083001986,0.06767834,0.278030303,0.051804003,0.352272727,0.189393939,0.282239413,0.063771363,0.37983907,0.191150543,0.278030303,0.051804003,0.352272727,0.189393939,0.26251479,0.053624587,0.338573652,0.179845113
PRSA2017,12,"['PM2.5', 'PM10', 'SO2', 'NO2', 'CO', 'O3', 'TEMP', 'PRES', 'DEWP', 'RAIN', 'wd', 'WSPM']",1,100,50,32,-1,15,9,2,4,1,00:00:05,0.75,GRU,2023:02:17 12:33:53,1280 seconds,16428,00:07:00,0,0.076684183,0.006093273,0.087550566,0.069566272,0.304166667,0.05567151,0.390151515,0.200757576,0.314505223,0.070586148,0.413664299,0.199222967,0.304166667,0.05567151,0.390151515,0.200757576,0.293171198,0.061281486,0.385627329,0.190325746
PRSA2017,12,"['PM2.5', 'PM10', 'SO2', 'NO2', 'CO', 'O3', 'TEMP', 'PRES', 'DEWP', 'RAIN', 'wd', 'WSPM']",1,100,50,32,-1,15,9,2,4,1,00:00:06,0.75,GRU,2023:02:17 12:55:17,1283 seconds,18156,00:07:00,0,0.079751958,0.006326394,0.092368372,0.070762508,0.283333333,0.06041162,0.397727273,0.185606061,0.276819415,0.070141704,0.398780104,0.182470884,0.283333333,0.06041162,0.397727273,0.185606061,0.266313563,0.056935377,0.355398805,0.176912246
PRSA2017,12,"['PM2.5', 'PM10', 'SO2', 'NO2', 'CO', 'O3', 'TEMP', 'PRES', 'DEWP', 'RAIN', 'wd', 'WSPM']",1,100,50,32,-1,15,9,2,4,1,00:00:07,0.75,GRU,2023:02:17 13:16:42,1284 seconds,19884,00:07:00,0,0.083701681,0.006916879,0.093679212,0.073516034,0.275378788,0.057820701,0.367424242,0.174242424,0.267257656,0.060983022,0.369238203,0.164505431,0.275378788,0.057820701,0.367424242,0.174242424,0.256528764,0.059068707,0.359826948,0.157818134
PRSA2017,12,"['PM2.5', 'PM10', 'SO2', 'NO2', 'CO', 'O3', 'TEMP', 'PRES', 'DEWP', 'RAIN', 'wd', 'WSPM']",1,100,50,32,-1,15,9,2,4,1,00:00:08,0.75,GRU,2023:02:17 13:38:17,1294 seconds,21612,00:07:00,0,0.084255627,0.006326254,0.093080208,0.076312609,0.265909091,0.05103947,0.333333333,0.193181818,0.265951341,0.056473449,0.345326243,0.190866234,0.265909091,0.05103947,0.333333333,0.193181818,0.249857108,0.049702371,0.314284542,0.180010481
PRSA2017,12,"['PM2.5', 'PM10', 'SO2', 'NO2', 'CO', 'O3', 'TEMP', 'PRES', 'DEWP', 'RAIN', 'wd', 'WSPM']",1,100,50,32,-1,15,9,2,4,1,00:00:09,0.75,GRU,2023:02:17 13:52:57,880 seconds,23340,00:07:00,0,0.084011111,0.009218347,0.097223178,0.070596986,0.273106061,0.069193878,0.367424242,0.166666667,0.269774434,0.072281511,0.372208461,0.158624438,0.273106061,0.069193878,0.367424242,0.166666667,0.260867191,0.071123868,0.354428364,0.154376477
PRSA2017,12,"['PM2.5', 'PM10', 'SO2', 'NO2', 'CO', 'O3', 'TEMP', 'PRES', 'DEWP', 'RAIN', 'wd', 'WSPM']",1,100,50,32,-1,15,9,2,4,1,00:00:10,0.75,GRU,2023:02:17 14:07:46,888 seconds,25068,00:07:00,0,0.083461761,0.005462847,0.093768716,0.074523374,0.259090909,0.047164795,0.325757576,0.166666667,0.254451599,0.059562323,0.350757588,0.144466266,0.259090909,0.047164795,0.325757576,0.166666667,0.242983118,0.049310019,0.307999294,0.144973935
PRSA2017,12,"['PM2.5', 'PM10', 'SO2', 'NO2', 'CO', 'O3', 'TEMP', 'PRES', 'DEWP', 'RAIN', 'wd', 'WSPM']",1,100,50,32,-1,15,9,2,4,1,00:00:30,0.75,GRU,2023:02:17 14:14:08,381 seconds,59628,00:07:00,0,0.090536167,0.006990414,0.101101294,0.078779258,0.243115942,0.064538536,0.336956522,0.148550725,0.251936176,0.082826853,0.388774016,0.142541755,0.243115942,0.064538536,0.336956522,0.148550725,0.227549174,0.06000029,0.317078441,0.133983156
PRSA2017,12,"['PM2.5', 'PM10', 'SO2', 'NO2', 'CO', 'O3', 'TEMP', 'PRES', 'DEWP', 'RAIN', 'wd', 'WSPM']",1,100,50,32,-1,15,9,2,4,1,00:01:00,0.75,GRU,2023:02:17 14:18:14,246 seconds,111468,00:07:00,0,0.091610136,0.006758149,0.101202779,0.08028134,0.219097222,0.06302729,0.34375,0.135416667,0.221557689,0.081137852,0.404148569,0.131595762,0.219097222,0.06302729,0.34375,0.135416667,0.208559553,0.064178288,0.339915119,0.128605806
PRSA2017,12,"['PM2.5', 'PM10', 'SO2', 'NO2', 'CO', 'O3', 'TEMP', 'PRES', 'DEWP', 'RAIN', 'wd', 'WSPM']",1,100,50,32,-1,15,9,2,4,1,00:02:00,0.75,GRU,2023:02:17 14:21:04,169 seconds,215148,00:07:00,0,0.088201278,0.004943025,0.096533433,0.080457605,0.205952381,0.059565462,0.294642857,0.12797619,0.206803704,0.080678309,0.337377549,0.10979269,0.205952381,0.059565462,0.294642857,0.12797619,0.191751276,0.061227073,0.287295998,0.115384565
PRSA2017,12,"['PM2.5', 'PM10', 'SO2', 'NO2', 'CO', 'O3', 'TEMP', 'PRES', 'DEWP', 'RAIN', 'wd', 'WSPM']",1,100,50,32,-1,15,9,2,4,1,00:03:00,0.75,GRU,2023:02:17 14:23:41,156 seconds,318828,00:07:00,0,0.090150867,0.002747207,0.094699241,0.08602947,0.202205882,0.044406056,0.281862745,0.149509804,0.216478261,0.071451922,0.388023821,0.142193769,0.202205882,0.044406056,0.281862745,0.149509804,0.190228554,0.044644175,0.266901392,0.134627014
PRSA2017,12,"['PM2.5', 'PM10', 'SO2', 'NO2', 'CO', 'O3', 'TEMP', 'PRES', 'DEWP', 'RAIN', 'wd', 'WSPM']",1,100,50,32,-1,15,9,2,4,1,00:04:00,0.75,GRU,2023:02:17 14:26:15,153 seconds,422508,00:07:00,0,0.088281237,0.003542876,0.094508305,0.083735265,0.201535088,0.040903091,0.276315789,0.138157895,0.205598787,0.062888545,0.345576284,0.135826187,0.201535088,0.040903091,0.276315789,0.138157895,0.189977769,0.042781888,0.261059492,0.128502173
PRSA2017,12,"['PM2.5', 'PM10', 'SO2', 'NO2', 'CO', 'O3', 'TEMP', 'PRES', 'DEWP', 'RAIN', 'wd', 'WSPM']",1,100,50,32,-1,15,9,2,4,1,00:05:00,0.75,GRU,2023:02:17 14:29:05,169 seconds,526188,00:07:00,0,0.084291155,0.002307845,0.087674938,0.081490584,0.202222222,0.046140386,0.276388889,0.143055556,0.209511627,0.073482733,0.36957913,0.134144076,0.202222222,0.046140386,0.276388889,0.143055556,0.190514996,0.04903184,0.27540679,0.131088488
PRSA2017,12,"['PM2.5', 'PM10', 'SO2', 'NO2', 'CO', 'O3', 'TEMP', 'PRES', 'DEWP', 'RAIN', 'wd', 'WSPM']",1,100,50,32,-1,15,9,2,4,1,00:00:03,0.75,GRU,2023:02:17 15:11:25,2540 seconds,12972,00:08:00,0,0.07500338,0.004991808,0.083771698,0.067573681,0.28377193,0.051375733,0.368421053,0.192982456,0.29728186,0.049923985,0.357628329,0.195457489,0.28377193,0.051375733,0.368421053,0.192982456,0.272654578,0.047896309,0.352575471,0.183485135
PRSA2017,12,"['PM2.5', 'PM10', 'SO2', 'NO2', 'CO', 'O3', 'TEMP', 'PRES', 'DEWP', 'RAIN', 'wd', 'WSPM']",1,100,50,32,-1,15,9,2,4,1,00:00:04,0.75,GRU,2023:02:17 15:56:01,2675 seconds,14700,00:08:00,0,0.077706621,0.004986743,0.084491856,0.069195509,0.26754386,0.056882431,0.377192982,0.166666667,0.252046168,0.059372649,0.363342034,0.140732207,0.26754386,0.056882431,0.377192982,0.166666667,0.250009449,0.054976992,0.352360997,0.145193101
PRSA2017,12,"['PM2.5', 'PM10', 'SO2', 'NO2', 'CO', 'O3', 'TEMP', 'PRES', 'DEWP', 'RAIN', 'wd', 'WSPM']",1,100,50,32,-1,15,9,2,4,1,00:00:05,0.75,GRU,2023:02:17 16:17:35,1293 seconds,16428,00:08:00,0,0.072685082,0.007558943,0.089566484,0.059707507,0.330701754,0.077476553,0.421052632,0.149122807,0.321597339,0.0814257,0.445836684,0.13485749,0.330701754,0.077476553,0.421052632,0.149122807,0.312264201,0.072917424,0.406334593,0.139770376
PRSA2017,12,"['PM2.5', 'PM10', 'SO2', 'NO2', 'CO', 'O3', 'TEMP', 'PRES', 'DEWP', 'RAIN', 'wd', 'WSPM']",1,100,50,32,-1,15,9,2,4,1,00:00:06,0.75,GRU,2023:02:17 16:39:04,1289 seconds,18156,00:08:00,0,0.077343416,0.007107897,0.087887503,0.068346322,0.298684211,0.043527249,0.359649123,0.228070175,0.286749457,0.045926365,0.371445338,0.218128164,0.298684211,0.043527249,0.359649123,0.228070175,0.281482789,0.040054713,0.330467346,0.216129583
PRSA2017,12,"['PM2.5', 'PM10', 'SO2', 'NO2', 'CO', 'O3', 'TEMP', 'PRES', 'DEWP', 'RAIN', 'wd', 'WSPM']",1,100,50,32,-1,15,9,2,4,1,00:00:07,0.75,GRU,2023:02:17 17:00:45,1300 seconds,19884,00:08:00,0,0.078931001,0.003736151,0.084803924,0.072189935,0.272368421,0.068101198,0.364035088,0.179824561,0.26232197,0.067787168,0.348429655,0.154490805,0.272368421,0.068101198,0.364035088,0.179824561,0.250472594,0.063561338,0.342558162,0.15969391
PRSA2017,12,"['PM2.5', 'PM10', 'SO2', 'NO2', 'CO', 'O3', 'TEMP', 'PRES', 'DEWP', 'RAIN', 'wd', 'WSPM']",1,100,50,32,-1,15,9,2,4,1,00:00:08,0.75,GRU,2023:02:17 17:22:29,1303 seconds,21612,00:08:00,0,0.08319936,0.007397045,0.095860556,0.071616985,0.263157895,0.057621631,0.346491228,0.171052632,0.266385246,0.060327402,0.363477289,0.164288554,0.263157895,0.057621631,0.346491228,0.171052632,0.24879094,0.056013046,0.336317112,0.153957943
PRSA2017,12,"['PM2.5', 'PM10', 'SO2', 'NO2', 'CO', 'O3', 'TEMP', 'PRES', 'DEWP', 'RAIN', 'wd', 'WSPM']",1,100,50,32,-1,15,9,2,4,1,00:00:09,0.75,GRU,2023:02:17 17:37:05,876 seconds,23340,00:08:00,0,0.079359107,0.005455479,0.089673184,0.071503848,0.308333333,0.052266644,0.377192982,0.223684211,0.296504905,0.05653553,0.367798464,0.204230665,0.308333333,0.052266644,0.377192982,0.223684211,0.286444828,0.046637998,0.357310201,0.210307248
PRSA2017,12,"['PM2.5', 'PM10', 'SO2', 'NO2', 'CO', 'O3', 'TEMP', 'PRES', 'DEWP', 'RAIN', 'wd', 'WSPM']",1,100,50,32,-1,15,9,2,4,1,00:00:10,0.75,GRU,2023:02:17 17:51:43,877 seconds,25068,00:08:00,0,0.081345821,0.010240354,0.093204021,0.064844422,0.295175439,0.07759688,0.394736842,0.188596491,0.286544753,0.087067599,0.413627944,0.168116203,0.295175439,0.07759688,0.394736842,0.188596491,0.277452649,0.081599318,0.391877602,0.170876875
PRSA2017,12,"['PM2.5', 'PM10', 'SO2', 'NO2', 'CO', 'O3', 'TEMP', 'PRES', 'DEWP', 'RAIN', 'wd', 'WSPM']",1,100,50,32,-1,15,9,2,4,1,00:00:30,0.75,GRU,2023:02:17 17:58:08,385 seconds,59628,00:08:00,0,0.08818238,0.00792769,0.096050069,0.071524188,0.245833333,0.062694143,0.370833333,0.179166667,0.242238123,0.084888897,0.418428715,0.151804461,0.245833333,0.062694143,0.370833333,0.179166667,0.229258842,0.067930201,0.358355252,0.15555324
PRSA2017,12,"['PM2.5', 'PM10', 'SO2', 'NO2', 'CO', 'O3', 'TEMP', 'PRES', 'DEWP', 'RAIN', 'wd', 'WSPM']",1,100,50,32,-1,15,9,2,4,1,00:01:00,0.75,GRU,2023:02:17 18:01:48,219 seconds,111468,00:08:00,0,0.091381915,0.007393081,0.099495865,0.077063382,0.210714286,0.062604159,0.333333333,0.130952381,0.217482586,0.087484627,0.427934265,0.126823719,0.210714286,0.062604159,0.333333333,0.130952381,0.197580757,0.063999159,0.325710067,0.12279064
PRSA2017,12,"['PM2.5', 'PM10', 'SO2', 'NO2', 'CO', 'O3', 'TEMP', 'PRES', 'DEWP', 'RAIN', 'wd', 'WSPM']",1,100,50,32,-1,15,9,2,4,1,00:02:00,0.75,GRU,2023:02:17 18:04:37,168 seconds,215148,00:08:00,0,0.091704039,0.006163341,0.100686841,0.080847599,0.207608696,0.04740842,0.300724638,0.15942029,0.214980352,0.069677571,0.385117745,0.143216439,0.207608696,0.04740842,0.300724638,0.15942029,0.191320253,0.044621335,0.283006452,0.141695652
PRSA2017,12,"['PM2.5', 'PM10', 'SO2', 'NO2', 'CO', 'O3', 'TEMP', 'PRES', 'DEWP', 'RAIN', 'wd', 'WSPM']",1,100,50,32,-1,15,9,2,4,1,00:03:00,0.75,GRU,2023:02:17 18:07:11,153 seconds,318828,00:08:00,0,0.089616549,0.005515048,0.097545318,0.079735041,0.195689655,0.049812205,0.301724138,0.143678161,0.207897703,0.076534585,0.398792711,0.137874953,0.195689655,0.049812205,0.301724138,0.143678161,0.185178285,0.052887963,0.303903938,0.126974234
PRSA2017,12,"['PM2.5', 'PM10', 'SO2', 'NO2', 'CO', 'O3', 'TEMP', 'PRES', 'DEWP', 'RAIN', 'wd', 'WSPM']",1,100,50,32,-1,15,9,2,4,1,00:04:00,0.75,GRU,2023:02:17 18:09:37,145 seconds,422508,00:08:00,0,0.087102789,0.004131595,0.096274018,0.081516862,0.2,0.048733972,0.283333333,0.15,0.205514983,0.068372776,0.352710689,0.141570724,0.2,0.048733972,0.283333333,0.15,0.18506308,0.047842826,0.272277772,0.136583293
PRSA2017,12,"['PM2.5', 'PM10', 'SO2', 'NO2', 'CO', 'O3', 'TEMP', 'PRES', 'DEWP', 'RAIN', 'wd', 'WSPM']",1,100,50,32,-1,15,9,2,4,1,00:05:00,0.75,GRU,2023:02:17 18:12:10,152 seconds,526188,00:08:00,0,0.084566563,0.003596567,0.091601357,0.07982526,0.2025,0.068792916,0.327083333,0.116666667,0.208191512,0.09098552,0.401443441,0.108673848,0.2025,0.068792916,0.327083333,0.116666667,0.184678784,0.066378154,0.301901673,0.100618626
PRSA2017,12,"['PM2.5', 'PM10', 'SO2', 'NO2', 'CO', 'O3', 'TEMP', 'PRES', 'DEWP', 'RAIN', 'wd', 'WSPM']",1,100,50,32,-1,15,9,2,4,1,00:06:00,0.75,GRU,2023:02:17 18:14:52,161 seconds,629868,00:08:00,0,0.082666884,0.001466154,0.08478035,0.080208331,0.206666667,0.050144236,0.29,0.14,0.208446296,0.073766579,0.359575342,0.122705035,0.206666667,0.050144236,0.29,0.14,0.191781224,0.05237687,0.273250633,0.115744633
PRSA2017,12,"['PM2.5', 'PM10', 'SO2', 'NO2', 'CO', 'O3', 'TEMP', 'PRES', 'DEWP', 'RAIN', 'wd', 'WSPM']",1,100,50,32,-1,15,9,2,4,1,00:00:03,0.75,GRU,2023:02:17 18:57:33,2561 seconds,12972,00:09:00,0,0.07719558,0.005170896,0.083942354,0.068072639,0.250980392,0.060427479,0.362745098,0.181372549,0.247933992,0.070686726,0.370722279,0.158801291,0.250980392,0.060427479,0.362745098,0.181372549,0.231218052,0.05656904,0.327850637,0.161746937
PRSA2017,12,"['PM2.5', 'PM10', 'SO2', 'NO2', 'CO', 'O3', 'TEMP', 'PRES', 'DEWP', 'RAIN', 'wd', 'WSPM']",1,100,50,32,-1,15,9,2,4,1,00:00:04,0.75,GRU,2023:02:17 19:40:15,2561 seconds,14700,00:09:00,0,0.083419247,0.0050606,0.089726746,0.071846589,0.235294118,0.046140967,0.328431373,0.181372549,0.227473359,0.058154874,0.363122402,0.162509883,0.235294118,0.046140967,0.328431373,0.181372549,0.214558014,0.046820663,0.317337181,0.162105068
PRSA2017,12,"['PM2.5', 'PM10', 'SO2', 'NO2', 'CO', 'O3', 'TEMP', 'PRES', 'DEWP', 'RAIN', 'wd', 'WSPM']",1,100,50,32,-1,15,9,2,4,1,00:00:05,0.75,GRU,2023:02:17 20:01:45,1289 seconds,16428,00:09:00,0,0.076935922,0.005918556,0.089100912,0.066829503,0.276470588,0.07077182,0.382352941,0.137254902,0.282747108,0.07397558,0.430432898,0.167507176,0.276470588,0.07077182,0.382352941,0.137254902,0.26140659,0.066763972,0.367481058,0.132799425
PRSA2017,12,"['PM2.5', 'PM10', 'SO2', 'NO2', 'CO', 'O3', 'TEMP', 'PRES', 'DEWP', 'RAIN', 'wd', 'WSPM']",1,100,50,32,-1,15,9,2,4,1,00:00:06,0.75,GRU,2023:02:17 20:23:19,1294 seconds,18156,00:09:00,0,0.081032839,0.008499556,0.091329291,0.064844616,0.268627451,0.056608628,0.352941176,0.18627451,0.270271727,0.060228151,0.367944808,0.172057749,0.268627451,0.056608628,0.352941176,0.18627451,0.25339058,0.055538905,0.341986825,0.172793181
PRSA2017,12,"['PM2.5', 'PM10', 'SO2', 'NO2', 'CO', 'O3', 'TEMP', 'PRES', 'DEWP', 'RAIN', 'wd', 'WSPM']",1,100,50,32,-1,15,9,2,4,1,00:00:07,0.75,GRU,2023:02:17 20:44:58,1298 seconds,19884,00:09:00,0,0.08225384,0.007784367,0.09542311,0.069756649,0.271078431,0.072610268,0.392156863,0.156862745,0.264481496,0.075207662,0.426930234,0.14199991,0.271078431,0.072610268,0.392156863,0.156862745,0.251546661,0.0708071,0.383057183,0.140065462
PRSA2017,12,"['PM2.5', 'PM10', 'SO2', 'NO2', 'CO', 'O3', 'TEMP', 'PRES', 'DEWP', 'RAIN', 'wd', 'WSPM']",1,100,50,32,-1,15,9,2,4,1,00:00:08,0.75,GRU,2023:02:17 21:06:38,1299 seconds,21612,00:09:00,0,0.080183043,0.008724807,0.092176355,0.063861251,0.275,0.07037174,0.387254902,0.176470588,0.275981393,0.076932995,0.421828272,0.149290028,0.275,0.07037174,0.387254902,0.176470588,0.262296122,0.069256389,0.380346636,0.159252873
PRSA2017,12,"['PM2.5', 'PM10', 'SO2', 'NO2', 'CO', 'O3', 'TEMP', 'PRES', 'DEWP', 'RAIN', 'wd', 'WSPM']",1,100,50,32,-1,15,9,2,4,1,00:00:09,0.75,GRU,2023:02:17 21:21:11,873 seconds,23340,00:09:00,0,0.085076565,0.00846825,0.095073357,0.069688857,0.260294118,0.072953628,0.382352941,0.171568627,0.255214973,0.075380075,0.378442882,0.168052917,0.260294118,0.072953628,0.382352941,0.171568627,0.243476553,0.068907209,0.357560155,0.154066952
PRSA2017,12,"['PM2.5', 'PM10', 'SO2', 'NO2', 'CO', 'O3', 'TEMP', 'PRES', 'DEWP', 'RAIN', 'wd', 'WSPM']",1,100,50,32,-1,15,9,2,4,1,00:00:10,0.75,GRU,2023:02:17 21:35:48,876 seconds,25068,00:09:00,0,0.085413507,0.008505539,0.096061014,0.070109464,0.246568627,0.053296285,0.343137255,0.176470588,0.251675743,0.068655103,0.354147793,0.145607,0.246568627,0.053296285,0.343137255,0.176470588,0.233253687,0.051736317,0.319621594,0.158144015
PRSA2017,12,"['PM2.5', 'PM10', 'SO2', 'NO2', 'CO', 'O3', 'TEMP', 'PRES', 'DEWP', 'RAIN', 'wd', 'WSPM']",1,100,50,32,-1,15,9,2,4,1,00:00:30,0.75,GRU,2023:02:17 21:42:11,382 seconds,59628,00:09:00,0,0.090649163,0.007835689,0.103554122,0.079022743,0.244907407,0.046409584,0.310185185,0.175925926,0.237613622,0.056266074,0.354803243,0.167045233,0.244907407,0.046409584,0.310185185,0.175925926,0.225804261,0.045766377,0.302062184,0.164055414
PRSA2017,12,"['PM2.5', 'PM10', 'SO2', 'NO2', 'CO', 'O3', 'TEMP', 'PRES', 'DEWP', 'RAIN', 'wd', 'WSPM']",1,100,50,32,-1,15,9,2,4,1,00:01:00,0.75,GRU,2023:02:17 21:46:15,244 seconds,111468,00:09:00,0,0.090611973,0.007909036,0.102136999,0.075978272,0.22037037,0.06613082,0.337962963,0.143518519,0.228588522,0.088947944,0.43022107,0.131599565,0.22037037,0.06613082,0.337962963,0.143518519,0.203752672,0.061587304,0.312206368,0.123989389
PRSA2017,12,"['PM2.5', 'PM10', 'SO2', 'NO2', 'CO', 'O3', 'TEMP', 'PRES', 'DEWP', 'RAIN', 'wd', 'WSPM']",1,100,50,32,-1,15,9,2,4,1,00:02:00,0.75,GRU,2023:02:17 21:49:01,165 seconds,215148,00:09:00,0,0.090732598,0.007762958,0.10309431,0.080683634,0.195416667,0.041055941,0.266666667,0.141666667,0.197883806,0.052342036,0.323560134,0.148933699,0.195416667,0.041055941,0.266666667,0.141666667,0.182674833,0.041353341,0.258887996,0.131014577
PRSA2017,12,"['PM2.5', 'PM10', 'SO2', 'NO2', 'CO', 'O3', 'TEMP', 'PRES', 'DEWP', 'RAIN', 'wd', 'WSPM']",1,100,50,32,-1,15,9,2,4,1,00:03:00,0.75,GRU,2023:02:17 21:51:33,152 seconds,318828,00:09:00,0,0.087553504,0.006236811,0.097976677,0.07973323,0.204166667,0.063911966,0.287878788,0.121212121,0.203232914,0.076448053,0.356703071,0.091417921,0.204166667,0.063911966,0.287878788,0.121212121,0.185949996,0.061707196,0.268302511,0.095607122
PRSA2017,12,"['PM2.5', 'PM10', 'SO2', 'NO2', 'CO', 'O3', 'TEMP', 'PRES', 'DEWP', 'RAIN', 'wd', 'WSPM']",1,100,50,32,-1,15,9,2,4,1,00:04:00,0.75,GRU,2023:02:17 21:53:56,143 seconds,422508,00:09:00,0,0.088440602,0.003255775,0.092071988,0.082747556,0.186333333,0.047245223,0.246666667,0.113333333,0.189685574,0.058002102,0.284191846,0.100360171,0.186333333,0.047245223,0.246666667,0.113333333,0.172138099,0.045115525,0.228943866,0.1012635
PRSA2017,12,"['PM2.5', 'PM10', 'SO2', 'NO2', 'CO', 'O3', 'TEMP', 'PRES', 'DEWP', 'RAIN', 'wd', 'WSPM']",1,100,50,32,-1,15,9,2,4,1,00:05:00,0.75,GRU,2023:02:17 21:56:20,143 seconds,526188,00:09:00,0,0.086802425,0.004531149,0.093018658,0.079402834,0.193333333,0.051388138,0.277777778,0.108333333,0.18861477,0.069067348,0.337884564,0.100305285,0.193333333,0.051388138,0.277777778,0.108333333,0.176795641,0.050107922,0.260087457,0.097844864
PRSA2017,12,"['PM2.5', 'PM10', 'SO2', 'NO2', 'CO', 'O3', 'TEMP', 'PRES', 'DEWP', 'RAIN', 'wd', 'WSPM']",1,100,50,32,-1,15,9,2,4,1,00:06:00,0.75,GRU,2023:02:17 21:58:45,144 seconds,629868,00:09:00,0,0.084610274,0.004565287,0.093399927,0.077701464,0.213383838,0.054725782,0.295454545,0.138888889,0.222252265,0.084424865,0.399297587,0.137124637,0.213383838,0.054725782,0.295454545,0.138888889,0.201735646,0.059848822,0.289281042,0.123777001
PRSA2017,12,"['PM2.5', 'PM10', 'SO2', 'NO2', 'CO', 'O3', 'TEMP', 'PRES', 'DEWP', 'RAIN', 'wd', 'WSPM']",1,100,50,32,-1,15,9,2,4,1,00:00:03,0.75,GRU,2023:02:17 22:41:33,2568 seconds,12972,00:10:00,0,0.079955906,0.003767418,0.085722879,0.071456328,0.225555556,0.04091545,0.283333333,0.155555556,0.221677844,0.054846782,0.323251158,0.106893107,0.225555556,0.04091545,0.283333333,0.155555556,0.204768327,0.043796705,0.26083333,0.122288742
PRSA2017,12,"['PM2.5', 'PM10', 'SO2', 'NO2', 'CO', 'O3', 'TEMP', 'PRES', 'DEWP', 'RAIN', 'wd', 'WSPM']",1,100,50,32,-1,15,9,2,4,1,00:00:04,0.75,GRU,2023:02:17 23:24:38,2584 seconds,14700,00:10:00,0,0.080022137,0.003778503,0.085524201,0.072030514,0.243333333,0.038952329,0.322222222,0.177777778,0.2528971,0.066889901,0.372660183,0.143372603,0.243333333,0.038952329,0.322222222,0.177777778,0.222896816,0.043716832,0.313762798,0.150199687
PRSA2017,12,"['PM2.5', 'PM10', 'SO2', 'NO2', 'CO', 'O3', 'TEMP', 'PRES', 'DEWP', 'RAIN', 'wd', 'WSPM']",1,100,50,32,-1,15,9,2,4,1,00:00:05,0.75,GRU,2023:02:17 23:46:24,1306 seconds,16428,00:10:00,0,0.081678153,0.00713334,0.096324421,0.071901932,0.229444444,0.057469799,0.294444444,0.133333333,0.233807955,0.069165845,0.355140576,0.139055402,0.229444444,0.057469799,0.294444444,0.133333333,0.216058333,0.057219132,0.283042132,0.117587293
PRSA2017,12,"['PM2.5', 'PM10', 'SO2', 'NO2', 'CO', 'O3', 'TEMP', 'PRES', 'DEWP', 'RAIN', 'wd', 'WSPM']",1,100,50,32,-1,15,9,2,4,1,00:00:06,0.75,GRU,2023:02:18 00:08:07,1302 seconds,18156,00:10:00,0,0.081423411,0.007215355,0.090636626,0.068471499,0.251111111,0.066379009,0.383333333,0.172222222,0.239615975,0.059935962,0.359685876,0.168289057,0.251111111,0.066379009,0.383333333,0.172222222,0.231435764,0.059469367,0.34966047,0.162892632
PRSA2017,12,"['PM2.5', 'PM10', 'SO2', 'NO2', 'CO', 'O3', 'TEMP', 'PRES', 'DEWP', 'RAIN', 'wd', 'WSPM']",1,100,50,32,-1,15,9,2,4,1,00:00:07,0.75,GRU,2023:02:18 00:29:58,1311 seconds,19884,00:10:00,0,0.084234372,0.004862887,0.092577323,0.076964147,0.218333333,0.051282924,0.288888889,0.133333333,0.211705319,0.061913637,0.303753581,0.129761905,0.218333333,0.051282924,0.288888889,0.133333333,0.202953038,0.053559914,0.275758102,0.115812063
PRSA2017,12,"['PM2.5', 'PM10', 'SO2', 'NO2', 'CO', 'O3', 'TEMP', 'PRES', 'DEWP', 'RAIN', 'wd', 'WSPM']",1,100,50,32,-1,15,9,2,4,1,00:00:08,0.75,GRU,2023:02:18 00:51:55,1315 seconds,21612,00:10:00,0,0.079194102,0.005506168,0.087018006,0.070163086,0.280555556,0.0536478,0.344444444,0.194444444,0.275511279,0.066202233,0.36714813,0.173951995,0.280555556,0.0536478,0.344444444,0.194444444,0.263533464,0.053186892,0.323930637,0.184887788
PRSA2017,12,"['PM2.5', 'PM10', 'SO2', 'NO2', 'CO', 'O3', 'TEMP', 'PRES', 'DEWP', 'RAIN', 'wd', 'WSPM']",1,100,50,32,-1,15,9,2,4,1,00:00:09,0.75,GRU,2023:02:18 01:06:37,882 seconds,23340,00:10:00,0,0.083116499,0.00610135,0.091413125,0.075096518,0.272777778,0.047430911,0.344444444,0.172222222,0.290801103,0.059019977,0.397461219,0.165227379,0.272777778,0.047430911,0.344444444,0.172222222,0.254665137,0.046145852,0.334125315,0.160639673
PRSA2017,12,"['PM2.5', 'PM10', 'SO2', 'NO2', 'CO', 'O3', 'TEMP', 'PRES', 'DEWP', 'RAIN', 'wd', 'WSPM']",1,100,50,32,-1,15,9,2,4,1,00:00:10,0.75,GRU,2023:02:18 01:21:23,886 seconds,25068,00:10:00,0,0.083438191,0.007193077,0.095323987,0.072655916,0.264444444,0.05969056,0.355555556,0.161111111,0.254115986,0.06586614,0.366074514,0.139509885,0.264444444,0.05969056,0.355555556,0.161111111,0.242594922,0.059701214,0.331665435,0.153101143
PRSA2017,12,"['PM2.5', 'PM10', 'SO2', 'NO2', 'CO', 'O3', 'TEMP', 'PRES', 'DEWP', 'RAIN', 'wd', 'WSPM']",1,100,50,32,-1,15,9,2,4,1,00:00:30,0.75,GRU,2023:02:18 01:27:43,379 seconds,59628,00:10:00,0,0.087133101,0.006268785,0.095827483,0.072883315,0.253645833,0.045288547,0.348958333,0.1875,0.251571826,0.060813488,0.364569363,0.169092207,0.253645833,0.045288547,0.348958333,0.1875,0.233670296,0.043801834,0.32494884,0.177446817
PRSA2017,12,"['PM2.5', 'PM10', 'SO2', 'NO2', 'CO', 'O3', 'TEMP', 'PRES', 'DEWP', 'RAIN', 'wd', 'WSPM']",1,100,50,32,-1,15,9,2,4,1,00:01:00,0.75,GRU,2023:02:18 01:31:44,240 seconds,111468,00:10:00,0,0.089195903,0.008811743,0.104328692,0.079086356,0.209895833,0.059432081,0.307291667,0.119791667,0.223007493,0.076907602,0.366278145,0.106496108,0.209895833,0.059432081,0.307291667,0.119791667,0.195231656,0.057326208,0.286337539,0.104903854
PRSA2017,12,"['PM2.5', 'PM10', 'SO2', 'NO2', 'CO', 'O3', 'TEMP', 'PRES', 'DEWP', 'RAIN', 'wd', 'WSPM']",1,100,50,32,-1,15,9,2,4,1,00:02:00,0.75,GRU,2023:02:18 01:34:32,167 seconds,215148,00:10:00,0,0.090097739,0.007766713,0.098401122,0.076725177,0.201851852,0.068955066,0.324074074,0.097222222,0.211652605,0.101310894,0.451434798,0.090596285,0.201851852,0.068955066,0.324074074,0.097222222,0.185756155,0.067281256,0.317244457,0.088230341
PRSA2017,12,"['PM2.5', 'PM10', 'SO2', 'NO2', 'CO', 'O3', 'TEMP', 'PRES', 'DEWP', 'RAIN', 'wd', 'WSPM']",1,100,50,32,-1,15,9,2,4,1,00:03:00,0.75,GRU,2023:02:18 01:37:02,149 seconds,318828,00:10:00,0,0.089888195,0.005342004,0.098889351,0.081527919,0.19125,0.057235199,0.325,0.129166667,0.204827436,0.084382044,0.419413688,0.120219874,0.19125,0.057235199,0.325,0.129166667,0.17491458,0.053969,0.295211766,0.117060946
PRSA2017,12,"['PM2.5', 'PM10', 'SO2', 'NO2', 'CO', 'O3', 'TEMP', 'PRES', 'DEWP', 'RAIN', 'wd', 'WSPM']",1,100,50,32,-1,15,9,2,4,1,00:04:00,0.75,GRU,2023:02:18 01:39:23,140 seconds,422508,00:10:00,0,0.086989115,0.005808263,0.094634496,0.075139932,0.198809524,0.064463061,0.317460317,0.107142857,0.206891945,0.085739306,0.381664962,0.106364834,0.198809524,0.064463061,0.317460317,0.107142857,0.180284231,0.056146168,0.285119287,0.102083687
PRSA2017,12,"['PM2.5', 'PM10', 'SO2', 'NO2', 'CO', 'O3', 'TEMP', 'PRES', 'DEWP', 'RAIN', 'wd', 'WSPM']",1,100,50,32,-1,15,9,2,4,1,00:05:00,0.75,GRU,2023:02:18 01:41:42,138 seconds,526188,00:10:00,0,0.085182116,0.005497242,0.09416078,0.077069774,0.205902778,0.061096313,0.309027778,0.131944444,0.209288471,0.089839092,0.379437099,0.099297072,0.205902778,0.061096313,0.309027778,0.131944444,0.187156883,0.059377962,0.280373075,0.106143111
PRSA2017,12,"['PM2.5', 'PM10', 'SO2', 'NO2', 'CO', 'O3', 'TEMP', 'PRES', 'DEWP', 'RAIN', 'wd', 'WSPM']",1,100,50,32,-1,15,9,2,4,1,00:06:00,0.75,GRU,2023:02:18 01:44:06,144 seconds,629868,00:10:00,0,0.085626979,0.005583112,0.095618457,0.078503601,0.214141414,0.058809656,0.340909091,0.136363636,0.220700202,0.087516285,0.415592184,0.132111042,0.214141414,0.058809656,0.340909091,0.136363636,0.199608223,0.059770915,0.320166946,0.124689546
PRSA2017,12,"['PM2.5', 'PM10', 'SO2', 'NO2', 'CO', 'O3', 'TEMP', 'PRES', 'DEWP', 'RAIN', 'wd', 'WSPM']",1,100,50,32,-1,15,9,2,4,1,00:07:00,0.75,GRU,2023:02:18 01:46:40,154 seconds,733548,00:10:00,0,0.081516533,0.003146389,0.086481512,0.075728714,0.217063492,0.045264195,0.279761905,0.154761905,0.220701437,0.070209246,0.363300833,0.146015721,0.217063492,0.045264195,0.279761905,0.154761905,0.20052344,0.045616117,0.26817291,0.138681233
PRSA2017,12,"['PM2.5', 'PM10', 'SO2', 'NO2', 'CO', 'O3', 'TEMP', 'PRES', 'DEWP', 'RAIN', 'wd', 'WSPM']",1,100,50,32,-1,15,9,2,4,1,00:00:03,0.75,GRU,2023:02:21 03:34:49,3885 seconds,12972,00:20:00,0,0.077908468,0.004526941,0.082718974,0.069504151,0.177380952,0.039285714,0.226190476,0.095238095,0.151167634,0.033031644,0.210738304,0.094764957,0.177380952,0.039285714,0.226190476,0.095238095,0.146337022,0.035455269,0.198504274,0.075270246
PRSA2017,12,"['PM2.5', 'PM10', 'SO2', 'NO2', 'CO', 'O3', 'TEMP', 'PRES', 'DEWP', 'RAIN', 'wd', 'WSPM']",1,100,50,32,-1,15,9,2,4,1,00:00:04,0.75,GRU,2023:02:21 03:59:45,1496 seconds,14700,00:20:00,0,0.078642073,0.004980909,0.091172019,0.071975925,0.177380952,0.033439457,0.214285714,0.119047619,0.177448602,0.05382534,0.272417154,0.103600543,0.177380952,0.033439457,0.214285714,0.119047619,0.153763445,0.038483517,0.204008464,0.082478632
PRSA2017,12,"['PM2.5', 'PM10', 'SO2', 'NO2', 'CO', 'O3', 'TEMP', 'PRES', 'DEWP', 'RAIN', 'wd', 'WSPM']",1,100,50,32,-1,15,9,2,4,1,00:00:05,0.75,GRU,2023:02:21 07:21:59,12133 seconds,16428,00:20:00,0,0.079428322,0.004861649,0.089990363,0.073122375,0.18452381,0.025113123,0.214285714,0.119047619,0.17910746,0.046284026,0.274448579,0.110834305,0.18452381,0.025113123,0.214285714,0.119047619,0.161668115,0.02697305,0.195760234,0.102627149
PRSA2017,12,"['PM2.5', 'PM10', 'SO2', 'NO2', 'CO', 'O3', 'TEMP', 'PRES', 'DEWP', 'RAIN', 'wd', 'WSPM']",1,100,50,32,-1,15,9,2,4,1,00:00:06,0.75,GRU,2023:02:21 11:02:39,13239 seconds,18156,00:20:00,0,0.078912119,0.004227425,0.085814548,0.073426084,0.186904762,0.048809524,0.25,0.095238095,0.17930028,0.068796336,0.291456229,0.072222222,0.186904762,0.048809524,0.25,0.095238095,0.161344168,0.049401803,0.230309405,0.077067198
PRSA2017,12,"['PM2.5', 'PM10', 'SO2', 'NO2', 'CO', 'O3', 'TEMP', 'PRES', 'DEWP', 'RAIN', 'wd', 'WSPM']",1,100,50,32,-1,15,9,2,4,1,00:00:07,0.75,GRU,2023:02:21 11:29:47,1627 seconds,19884,00:20:00,0,0.08021351,0.005601927,0.089747857,0.070151917,0.189285714,0.041393663,0.273809524,0.142857143,0.196926823,0.072469153,0.364688552,0.107359076,0.189285714,0.041393663,0.273809524,0.142857143,0.175811655,0.045954017,0.272016862,0.120388091
PRSA2017,12,"['PM2.5', 'PM10', 'SO2', 'NO2', 'CO', 'O3', 'TEMP', 'PRES', 'DEWP', 'RAIN', 'wd', 'WSPM']",1,100,50,32,-1,15,9,2,4,1,00:00:08,0.75,GRU,2023:02:21 11:44:28,880 seconds,21612,00:20:00,0,0.080034455,0.00502301,0.090901764,0.073115106,0.196428571,0.035813355,0.261904762,0.142857143,0.190987115,0.055323056,0.31489418,0.106613757,0.196428571,0.035813355,0.261904762,0.142857143,0.17540302,0.039505111,0.246606811,0.109184317
PRSA2017,12,"['PM2.5', 'PM10', 'SO2', 'NO2', 'CO', 'O3', 'TEMP', 'PRES', 'DEWP', 'RAIN', 'wd', 'WSPM']",1,100,50,32,-1,15,9,2,4,1,00:00:09,0.75,GRU,2023:02:21 12:13:25,634 seconds,23340,00:20:00,0,0.079563754,0.004674654,0.087335768,0.073220506,0.202380952,0.036885556,0.261904762,0.154761905,0.201661185,0.058107139,0.308176893,0.13422619,0.202380952,0.036885556,0.261904762,0.154761905,0.184183215,0.035280729,0.244070418,0.136625849
PRSA2017,12,"['PM2.5', 'PM10', 'SO2', 'NO2', 'CO', 'O3', 'TEMP', 'PRES', 'DEWP', 'RAIN', 'wd', 'WSPM']",1,100,50,32,-1,15,9,2,4,1,00:00:03,0.75,GRU,2023:02:18 02:30:00,2599 seconds,12972,00:20:00,0,0.083481481,0.00664272,0.089152724,0.069017366,0.203571429,0.047752788,0.297619048,0.142857143,0.21807305,0.090318511,0.36634376,0.090052309,0.203571429,0.047752788,0.297619048,0.142857143,0.179420387,0.046866054,0.242361111,0.102302118
PRSA2017,12,"['PM2.5', 'PM10', 'SO2', 'NO2', 'CO', 'O3', 'TEMP', 'PRES', 'DEWP', 'RAIN', 'wd', 'WSPM']",1,100,50,32,-1,15,9,2,4,1,00:00:04,0.75,GRU,2023:02:18 03:13:14,2593 seconds,14700,00:20:00,0,0.084574373,0.005180795,0.095696881,0.075556807,0.182142857,0.021983554,0.226190476,0.142857143,0.171954458,0.049134809,0.278190165,0.104215692,0.182142857,0.021983554,0.226190476,0.142857143,0.159565897,0.028007083,0.20800465,0.112154799
PRSA2017,12,"['PM2.5', 'PM10', 'SO2', 'NO2', 'CO', 'O3', 'TEMP', 'PRES', 'DEWP', 'RAIN', 'wd', 'WSPM']",1,100,50,32,-1,15,9,2,4,1,00:00:05,0.75,GRU,2023:02:18 03:35:09,1314 seconds,16428,00:20:00,0,0.086131202,0.005692545,0.095361687,0.077767417,0.222619048,0.036904762,0.285714286,0.166666667,0.218510838,0.054956918,0.328005547,0.162439875,0.222619048,0.036904762,0.285714286,0.166666667,0.19834495,0.036612434,0.256212279,0.145517122
PRSA2017,12,"['PM2.5', 'PM10', 'SO2', 'NO2', 'CO', 'O3', 'TEMP', 'PRES', 'DEWP', 'RAIN', 'wd', 'WSPM']",1,100,50,32,-1,15,9,2,4,1,00:00:06,0.75,GRU,2023:02:18 03:57:05,1315 seconds,18156,00:20:00,0,0.08767696,0.00696077,0.099838153,0.078098476,0.202380952,0.046717659,0.261904762,0.095238095,0.206916864,0.078052603,0.367664566,0.071064815,0.202380952,0.046717659,0.261904762,0.095238095,0.175039809,0.041925541,0.239834508,0.080271923
PRSA2017,12,"['PM2.5', 'PM10', 'SO2', 'NO2', 'CO', 'O3', 'TEMP', 'PRES', 'DEWP', 'RAIN', 'wd', 'WSPM']",1,100,50,32,-1,15,9,2,4,1,00:00:07,0.75,GRU,2023:02:18 04:19:10,1325 seconds,19884,00:20:00,0,0.085608234,0.00499468,0.095368192,0.078423701,0.192857143,0.039050523,0.25,0.130952381,0.211651049,0.067898424,0.322103871,0.11203195,0.192857143,0.039050523,0.25,0.130952381,0.178576724,0.039927119,0.229983715,0.113046822
PRSA2017,12,"['PM2.5', 'PM10', 'SO2', 'NO2', 'CO', 'O3', 'TEMP', 'PRES', 'DEWP', 'RAIN', 'wd', 'WSPM']",1,100,50,32,-1,15,9,2,4,1,00:00:08,0.75,GRU,2023:02:18 04:41:19,1328 seconds,21612,00:20:00,0,0.0854324,0.006879391,0.101093352,0.074374169,0.192857143,0.02246186,0.214285714,0.142857143,0.198443673,0.032130096,0.257138695,0.134046346,0.192857143,0.02246186,0.214285714,0.142857143,0.17523345,0.02100903,0.201853702,0.131248381
PRSA2017,12,"['PM2.5', 'PM10', 'SO2', 'NO2', 'CO', 'O3', 'TEMP', 'PRES', 'DEWP', 'RAIN', 'wd', 'WSPM']",1,100,50,32,-1,15,9,2,4,1,00:00:09,0.75,GRU,2023:02:18 04:56:13,893 seconds,23340,00:20:00,0,0.088703788,0.008569595,0.105858758,0.076850891,0.183333333,0.052489066,0.25,0.071428571,0.171748745,0.056082335,0.232611833,0.055973266,0.183333333,0.052489066,0.25,0.071428571,0.157976542,0.046126576,0.215576619,0.059260184
PRSA2017,12,"['PM2.5', 'PM10', 'SO2', 'NO2', 'CO', 'O3', 'TEMP', 'PRES', 'DEWP', 'RAIN', 'wd', 'WSPM']",1,100,50,32,-1,15,9,2,4,1,00:00:10,0.75,GRU,2023:02:18 05:11:06,893 seconds,25068,00:20:00,0,0.088192342,0.007560998,0.101601779,0.07488779,0.205952381,0.056607112,0.333333333,0.119047619,0.226966206,0.083617122,0.396115921,0.108304196,0.205952381,0.056607112,0.333333333,0.119047619,0.181527733,0.05268697,0.292738484,0.109196033
PRSA2017,12,"['PM2.5', 'PM10', 'SO2', 'NO2', 'CO', 'O3', 'TEMP', 'PRES', 'DEWP', 'RAIN', 'wd', 'WSPM']",1,100,50,32,-1,15,9,2,4,1,00:00:30,0.75,GRU,2023:02:18 05:17:22,375 seconds,59628,00:20:00,0,0.090139306,0.005760944,0.097509012,0.078842089,0.186904762,0.038039394,0.25,0.130952381,0.21016866,0.068882637,0.322682709,0.100733743,0.186904762,0.038039394,0.25,0.130952381,0.161663844,0.040064117,0.242991475,0.100773125
PRSA2017,12,"['PM2.5', 'PM10', 'SO2', 'NO2', 'CO', 'O3', 'TEMP', 'PRES', 'DEWP', 'RAIN', 'wd', 'WSPM']",1,100,50,32,-1,15,9,2,4,1,00:01:00,0.75,GRU,2023:02:18 05:21:23,239 seconds,111468,00:20:00,0,0.087277746,0.008655332,0.099018238,0.071752809,0.204166667,0.063907757,0.322916667,0.104166667,0.193904196,0.061759271,0.293191721,0.073935924,0.204166667,0.063907757,0.322916667,0.104166667,0.181146017,0.062303737,0.292352941,0.083055556
PRSA2017,12,"['PM2.5', 'PM10', 'SO2', 'NO2', 'CO', 'O3', 'TEMP', 'PRES', 'DEWP', 'RAIN', 'wd', 'WSPM']",1,100,50,32,-1,15,9,2,4,1,00:02:00,0.75,GRU,2023:02:18 05:24:02,158 seconds,215148,00:20:00,0,0.090127171,0.008544226,0.099607468,0.075824425,0.171875,0.057480749,0.270833333,0.114583333,0.189266808,0.082842584,0.329085498,0.088151201,0.171875,0.057480749,0.270833333,0.114583333,0.157530271,0.055676823,0.263924657,0.090013826
PRSA2017,12,"['PM2.5', 'PM10', 'SO2', 'NO2', 'CO', 'O3', 'TEMP', 'PRES', 'DEWP', 'RAIN', 'wd', 'WSPM']",1,100,50,32,-1,15,9,2,4,1,00:03:00,0.75,GRU,2023:02:22 00:59:14,112 seconds,318828,00:20:00,0,0.089186984,0.006671195,0.096515954,0.079121925,0.164583333,0.044390158,0.239583333,0.09375,0.151864203,0.055042632,0.275488773,0.060225796,0.164583333,0.044390158,0.239583333,0.09375,0.141212722,0.043304875,0.22203796,0.063359788
PRSA2017,12,"['PM2.5', 'PM10', 'SO2', 'NO2', 'CO', 'O3', 'TEMP', 'PRES', 'DEWP', 'RAIN', 'wd', 'WSPM']",1,100,50,32,-1,15,9,2,4,1,00:04:00,0.75,GRU,2023:02:22 01:01:37,142 seconds,422508,00:20:00,0,0.089548282,0.006193728,0.103625737,0.080604501,0.153125,0.058750369,0.25,0.072916667,0.14434086,0.073031747,0.289312771,0.04286859,0.153125,0.058750369,0.25,0.072916667,0.135529027,0.055761809,0.222654587,0.052861722
PRSA2017,12,"['PM2.5', 'PM10', 'SO2', 'NO2', 'CO', 'O3', 'TEMP', 'PRES', 'DEWP', 'RAIN', 'wd', 'WSPM']",1,100,50,32,-1,15,9,2,4,1,00:05:00,0.75,GRU,2023:02:22 01:04:22,165 seconds,526188,00:20:00,0,0.086901464,0.006745259,0.099307664,0.078696311,0.172222222,0.064973351,0.287037037,0.064814815,0.161747924,0.077566372,0.294444444,0.06416122,0.172222222,0.064973351,0.287037037,0.064814815,0.147259422,0.055770775,0.230509172,0.062354916
PRSA2017,12,"['PM2.5', 'PM10', 'SO2', 'NO2', 'CO', 'O3', 'TEMP', 'PRES', 'DEWP', 'RAIN', 'wd', 'WSPM']",1,100,50,32,-1,15,9,2,4,1,00:06:00,0.75,GRU,2023:02:22 01:06:40,137 seconds,629868,00:20:00,0,0.086369584,0.007534348,0.097676486,0.073673882,0.165833333,0.056819646,0.283333333,0.108333333,0.179043097,0.081685521,0.313391802,0.077421987,0.165833333,0.056819646,0.283333333,0.108333333,0.150897503,0.057982539,0.25552636,0.087996306
PRSA2017,12,"['PM2.5', 'PM10', 'SO2', 'NO2', 'CO', 'O3', 'TEMP', 'PRES', 'DEWP', 'RAIN', 'wd', 'WSPM']",1,100,50,32,-1,15,9,2,4,1,00:07:00,0.75,GRU,2023:02:22 01:08:40,119 seconds,733548,00:20:00,0,0.084018578,0.005960497,0.094288349,0.07370691,0.174166667,0.062633191,0.3,0.108333333,0.183447319,0.10471895,0.433412698,0.091546027,0.174166667,0.062633191,0.3,0.108333333,0.153529399,0.058659082,0.265682749,0.090308414
PRSA2017,12,"['PM2.5', 'PM10', 'SO2', 'NO2', 'CO', 'O3', 'TEMP', 'PRES', 'DEWP', 'RAIN', 'wd', 'WSPM']",1,100,50,32,-1,15,9,2,4,1,00:08:00,0.75,GRU,2023:02:22 01:10:54,133 seconds,837228,00:20:00,0,0.085937581,0.007373419,0.097285077,0.071775042,0.165833333,0.065875514,0.291666667,0.058333333,0.171776244,0.074065056,0.31157683,0.043228415,0.165833333,0.065875514,0.291666667,0.058333333,0.148618965,0.064513652,0.261972287,0.04597334
PRSA2017,12,"['PM2.5', 'PM10', 'SO2', 'NO2', 'CO', 'O3', 'TEMP', 'PRES', 'DEWP', 'RAIN', 'wd', 'WSPM']",1,100,50,32,-1,15,9,2,4,1,00:09:00,0.75,GRU,2023:02:22 01:13:26,152 seconds,940908,00:20:00,0,0.085855839,0.004702908,0.091635451,0.078022562,0.169230769,0.050327658,0.262820513,0.108974359,0.164962635,0.064176735,0.294633838,0.077320277,0.169230769,0.050327658,0.262820513,0.108974359,0.149796396,0.048424363,0.228516295,0.088985203
PRSA2017,12,"['PM2.5', 'PM10', 'SO2', 'NO2', 'CO', 'O3', 'TEMP', 'PRES', 'DEWP', 'RAIN', 'wd', 'WSPM']",1,100,50,32,-1,15,9,2,4,1,00:10:00,0.75,GRU,2023:02:22 01:18:42,315 seconds,1044588,00:20:00,0,0.08078985,0.004519006,0.086337902,0.073667414,0.159848485,0.060837626,0.295454545,0.106060606,0.147754041,0.069489406,0.294907111,0.076509122,0.159848485,0.060837626,0.295454545,0.106060606,0.139293297,0.055673878,0.249219966,0.085867499
PRSA2017,12,"['PM2.5', 'PM10', 'SO2', 'NO2', 'CO', 'O3', 'TEMP', 'PRES', 'DEWP', 'RAIN', 'wd', 'WSPM']",1,100,50,32,-1,15,9,2,4,1,00:00:03,0.75,GRU,2023:02:22 02:45:45,5221 seconds,12972,00:30:00,0,0.080348648,0.003144803,0.085855886,0.074972339,0.168333333,0.039756201,0.25,0.116666667,0.186303594,0.060768873,0.30787037,0.078455688,0.168333333,0.039756201,0.25,0.116666667,0.148220653,0.041770817,0.217737586,0.077067669
PRSA2017,12,"['PM2.5', 'PM10', 'SO2', 'NO2', 'CO', 'O3', 'TEMP', 'PRES', 'DEWP', 'RAIN', 'wd', 'WSPM']",1,100,50,32,-1,15,9,2,4,1,00:00:04,0.75,GRU,2023:02:22 04:18:26,5560 seconds,14700,00:30:00,0,0.083628897,0.004075702,0.090659551,0.078394167,0.156666667,0.048989795,0.233333333,0.066666667,0.138590904,0.073830957,0.289057239,0.033473389,0.156666667,0.048989795,0.233333333,0.066666667,0.125619146,0.04549836,0.181568432,0.041786284
PRSA2017,12,"['PM2.5', 'PM10', 'SO2', 'NO2', 'CO', 'O3', 'TEMP', 'PRES', 'DEWP', 'RAIN', 'wd', 'WSPM']",1,100,50,32,-1,15,9,2,4,1,00:00:05,0.75,GRU,2023:02:22 05:06:13,2866 seconds,16428,00:30:00,0,0.080655371,0.004802849,0.087705597,0.073794656,0.178333333,0.035784851,0.25,0.116666667,0.136624411,0.027430478,0.170196222,0.080208333,0.178333333,0.035784851,0.25,0.116666667,0.139268885,0.027987645,0.197865533,0.087968975
PRSA2017,12,"['PM2.5', 'PM10', 'SO2', 'NO2', 'CO', 'O3', 'TEMP', 'PRES', 'DEWP', 'RAIN', 'wd', 'WSPM']",1,100,50,32,-1,15,9,2,4,1,00:00:06,0.75,GRU,2023:02:22 05:54:19,2885 seconds,18156,00:30:00,0,0.083502648,0.004705607,0.08903411,0.072452284,0.185,0.032871805,0.233333333,0.133333333,0.191666018,0.039705313,0.239093314,0.105787037,0.185,0.032871805,0.233333333,0.133333333,0.155055713,0.032532589,0.196338384,0.106615607
PRSA2017,12,"['PM2.5', 'PM10', 'SO2', 'NO2', 'CO', 'O3', 'TEMP', 'PRES', 'DEWP', 'RAIN', 'wd', 'WSPM']",1,100,50,32,-1,15,9,2,4,1,00:00:07,0.75,GRU,2023:02:22 06:41:17,2817 seconds,19884,00:30:00,0,0.08421049,0.008998064,0.104511417,0.07302732,0.186666667,0.047022453,0.25,0.1,0.165346297,0.064395161,0.25787037,0.053571429,0.186666667,0.047022453,0.25,0.1,0.151574954,0.043658331,0.209508523,0.064153439
PRSA2017,12,"['PM2.5', 'PM10', 'SO2', 'NO2', 'CO', 'O3', 'TEMP', 'PRES', 'DEWP', 'RAIN', 'wd', 'WSPM']",1,100,50,32,-1,15,9,2,4,1,00:00:08,0.75,GRU,2023:02:22 07:28:28,2830 seconds,21612,00:30:00,0,0.088276377,0.008153152,0.100467227,0.077596232,0.153333333,0.049328829,0.233333333,0.083333333,0.1571679,0.084167228,0.327188552,0.043849206,0.153333333,0.049328829,0.233333333,0.083333333,0.135613789,0.05194871,0.215620491,0.057026144
PRSA2017,12,"['PM2.5', 'PM10', 'SO2', 'NO2', 'CO', 'O3', 'TEMP', 'PRES', 'DEWP', 'RAIN', 'wd', 'WSPM']",1,100,50,32,-1,15,9,2,4,1,00:00:09,0.75,GRU,2023:02:22 07:59:56,1887 seconds,23340,00:30:00,0,0.081263562,0.00592628,0.094469763,0.073573142,0.195,0.065425955,0.3,0.116666667,0.21200872,0.094554726,0.402849928,0.086805556,0.195,0.065425955,0.3,0.116666667,0.17092717,0.063386132,0.289653865,0.083964009
PRSA2017,12,"['PM2.5', 'PM10', 'SO2', 'NO2', 'CO', 'O3', 'TEMP', 'PRES', 'DEWP', 'RAIN', 'wd', 'WSPM']",1,100,50,32,-1,15,9,2,4,1,00:00:10,0.75,GRU,2023:02:22 08:33:12,1996 seconds,25068,00:30:00,0,0.083777109,0.006440323,0.097026639,0.076694869,0.198333333,0.035316034,0.266666667,0.116666667,0.203385687,0.067480773,0.325925926,0.050595238,0.198333333,0.035316034,0.266666667,0.116666667,0.168861303,0.042221561,0.233140933,0.063767387
PRSA2017,12,"['PM2.5', 'PM10', 'SO2', 'NO2', 'CO', 'O3', 'TEMP', 'PRES', 'DEWP', 'RAIN', 'wd', 'WSPM']",1,100,50,32,-1,15,9,2,4,1,00:00:30,0.75,GRU,2023:02:22 08:47:16,843 seconds,59628,00:30:00,0,0.086500917,0.006170071,0.094897382,0.07666669,0.153333333,0.066164777,0.283333333,0.083333333,0.139110591,0.092102125,0.390873016,0.043620731,0.153333333,0.066164777,0.283333333,0.083333333,0.125925688,0.063088579,0.273088023,0.060505123
PRSA2017,12,"['PM2.5', 'PM10', 'SO2', 'NO2', 'CO', 'O3', 'TEMP', 'PRES', 'DEWP', 'RAIN', 'wd', 'WSPM']",1,100,50,32,-1,15,9,2,4,1,00:01:00,0.75,GRU,2023:02:22 08:56:22,545 seconds,111468,00:30:00,0,0.086673621,0.005983331,0.097075336,0.077757038,0.171666667,0.04219663,0.233333333,0.116666667,0.194814779,0.07259664,0.301474888,0.080853175,0.171666667,0.04219663,0.233333333,0.116666667,0.144883305,0.044143904,0.224450549,0.094594131
PRSA2017,12,"['PM2.5', 'PM10', 'SO2', 'NO2', 'CO', 'O3', 'TEMP', 'PRES', 'DEWP', 'RAIN', 'wd', 'WSPM']",1,100,50,32,-1,15,9,2,4,1,00:02:00,0.75,GRU,2023:02:22 09:02:51,388 seconds,215148,00:30:00,0,0.088158182,0.009615955,0.103373177,0.071698949,0.158333333,0.065933468,0.3,0.083333333,0.152908324,0.077906322,0.299410774,0.046598229,0.158333333,0.065933468,0.3,0.083333333,0.135034948,0.061333151,0.257429453,0.054232804
PRSA2017,12,"['PM2.5', 'PM10', 'SO2', 'NO2', 'CO', 'O3', 'TEMP', 'PRES', 'DEWP', 'RAIN', 'wd', 'WSPM']",1,100,50,32,-1,15,9,2,4,1,00:03:00,0.75,GRU,2023:02:22 09:08:17,325 seconds,318828,00:30:00,0,0.085644242,0.008699376,0.101228364,0.073514573,0.165,0.062561081,0.25,0.066666667,0.144435408,0.056357138,0.248044779,0.071861472,0.165,0.062561081,0.25,0.066666667,0.138380125,0.050232463,0.2251221,0.059664787
PRSA2017,12,"['PM2.5', 'PM10', 'SO2', 'NO2', 'CO', 'O3', 'TEMP', 'PRES', 'DEWP', 'RAIN', 'wd', 'WSPM']",1,100,50,32,-1,15,9,2,4,1,00:04:00,0.75,GRU,2023:02:22 09:12:11,233 seconds,422508,00:30:00,0,0.088706175,0.006091984,0.097325519,0.075479522,0.165,0.063442888,0.316666667,0.116666667,0.128307641,0.054386121,0.231608006,0.057638889,0.165,0.063442888,0.316666667,0.116666667,0.125323863,0.045852846,0.21953602,0.075468975
PRSA2017,12,"['PM2.5', 'PM10', 'SO2', 'NO2', 'CO', 'O3', 'TEMP', 'PRES', 'DEWP', 'RAIN', 'wd', 'WSPM']",1,100,50,32,-1,15,9,2,4,1,00:05:00,0.75,GRU,2023:02:22 09:17:14,301 seconds,526188,00:30:00,0,0.08917696,0.007876622,0.098580711,0.075861968,0.155,0.075295713,0.3,0.066666667,0.171538436,0.085429357,0.352281746,0.051557239,0.155,0.075295713,0.3,0.066666667,0.136419768,0.066675546,0.269410235,0.057920475
PRSA2017,12,"['PM2.5', 'PM10', 'SO2', 'NO2', 'CO', 'O3', 'TEMP', 'PRES', 'DEWP', 'RAIN', 'wd', 'WSPM']",1,100,50,32,-1,15,9,2,4,1,00:06:00,0.75,GRU,2023:02:22 09:21:07,232 seconds,629868,00:30:00,0,0.088535324,0.006137809,0.098519392,0.077516332,0.16,0.048419463,0.25,0.1,0.138569366,0.050733178,0.256740944,0.069381313,0.16,0.048419463,0.25,0.1,0.12849199,0.038336492,0.21507795,0.075502892
PRSA2017,12,"['PM2.5', 'PM10', 'SO2', 'NO2', 'CO', 'O3', 'TEMP', 'PRES', 'DEWP', 'RAIN', 'wd', 'WSPM']",1,100,50,32,-1,15,9,2,4,1,00:07:00,0.75,GRU,2023:02:22 09:25:23,256 seconds,733548,00:30:00,0,0.085100083,0.006577502,0.094719633,0.072296657,0.140277778,0.040468895,0.222222222,0.083333333,0.138313703,0.045928088,0.230002013,0.07827381,0.140277778,0.040468895,0.222222222,0.083333333,0.117498114,0.028876342,0.165349617,0.066712454
PRSA2017,12,"['PM2.5', 'PM10', 'SO2', 'NO2', 'CO', 'O3', 'TEMP', 'PRES', 'DEWP', 'RAIN', 'wd', 'WSPM']",1,100,50,32,-1,15,9,2,4,1,00:08:00,0.75,GRU,2023:02:22 09:29:09,224 seconds,837228,00:30:00,0,0.085706025,0.006660263,0.09794578,0.073936909,0.155555556,0.055486068,0.291666667,0.097222222,0.151869671,0.082398453,0.29788574,0.054202742,0.155555556,0.055486068,0.291666667,0.097222222,0.131467851,0.056923488,0.262662591,0.069808201
PRSA2017,12,"['PM2.5', 'PM10', 'SO2', 'NO2', 'CO', 'O3', 'TEMP', 'PRES', 'DEWP', 'RAIN', 'wd', 'WSPM']",1,100,50,32,-1,15,9,2,4,1,00:09:00,0.75,GRU,2023:02:22 09:33:33,263 seconds,940908,00:30:00,0,0.085965197,0.004601306,0.092061222,0.07535357,0.138888889,0.060540263,0.263888889,0.069444444,0.121385251,0.039696251,0.212237592,0.074537037,0.138888889,0.060540263,0.263888889,0.069444444,0.115205098,0.042000616,0.219144072,0.068590669
PRSA2017,12,"['PM2.5', 'PM10', 'SO2', 'NO2', 'CO', 'O3', 'TEMP', 'PRES', 'DEWP', 'RAIN', 'wd', 'WSPM']",1,100,50,32,-1,15,9,2,4,1,00:10:00,0.75,GRU,2023:02:22 09:37:23,229 seconds,1044588,00:30:00,0,0.08336689,0.005622817,0.092876762,0.074816652,0.1625,0.054166667,0.277777778,0.111111111,0.174206929,0.097577949,0.345472583,0.0691126,0.1625,0.054166667,0.277777778,0.111111111,0.142309785,0.059610672,0.281595257,0.083860386
PRSA2017,12,"['PM2.5', 'PM10', 'SO2', 'NO2', 'CO', 'O3', 'TEMP', 'PRES', 'DEWP', 'RAIN', 'wd', 'WSPM']",1,100,50,32,-1,15,9,2,4,1,00:20:00,0.75,GRU,2023:02:22 09:41:38,254 seconds,2081388,00:30:00,0,0.078373884,0.003375233,0.083656684,0.071041174,0.14537037,0.049699026,0.25,0.074074074,0.131808233,0.057356537,0.250259755,0.046166836,0.14537037,0.049699026,0.25,0.074074074,0.116765906,0.047898102,0.22246226,0.044246032
PRSA2017,12,"['PM2.5', 'PM10', 'SO2', 'NO2', 'CO', 'O3', 'TEMP', 'PRES', 'DEWP', 'RAIN', 'wd', 'WSPM']",1,100,50,32,-1,15,9,2,4,1,00:00:03,0.75,GRU,2023:02:22 10:57:20,4541 seconds,12972,00:40:00,0,0.086055452,0.007736872,0.102124237,0.078100219,0.125,0.033448874,0.166666667,0.055555556,0.08710807,0.055635076,0.174404762,0.01,0.125,0.033448874,0.166666667,0.055555556,0.086078442,0.041718305,0.136309524,0.01754386
PRSA2017,12,"['PM2.5', 'PM10', 'SO2', 'NO2', 'CO', 'O3', 'TEMP', 'PRES', 'DEWP', 'RAIN', 'wd', 'WSPM']",1,100,50,32,-1,15,9,2,4,1,00:00:04,0.75,GRU,2023:02:22 12:12:54,4533 seconds,14700,00:40:00,0,0.086906458,0.005780713,0.098276645,0.074662007,0.147222222,0.032984284,0.194444444,0.083333333,0.096441394,0.05018842,0.170833333,0.02827381,0.147222222,0.032984284,0.194444444,0.083333333,0.096138347,0.038061066,0.158994709,0.041622103
PRSA2017,12,"['PM2.5', 'PM10', 'SO2', 'NO2', 'CO', 'O3', 'TEMP', 'PRES', 'DEWP', 'RAIN', 'wd', 'WSPM']",1,100,50,32,-1,15,9,2,4,1,00:00:05,0.75,GRU,2023:02:22 12:53:54,2459 seconds,16428,00:40:00,0,0.086095139,0.007027619,0.09560778,0.074689358,0.133333333,0.04614791,0.222222222,0.083333333,0.121021825,0.068161136,0.292460317,0.043055556,0.133333333,0.04614791,0.222222222,0.083333333,0.107880129,0.046194181,0.220304233,0.051709402
PRSA2017,12,"['PM2.5', 'PM10', 'SO2', 'NO2', 'CO', 'O3', 'TEMP', 'PRES', 'DEWP', 'RAIN', 'wd', 'WSPM']",1,100,50,32,-1,15,9,2,4,1,00:00:06,0.75,GRU,2023:02:22 13:40:20,2785 seconds,18156,00:40:00,0,0.089302002,0.007426223,0.099655278,0.076762713,0.152777778,0.051594932,0.25,0.083333333,0.111852453,0.042444037,0.173611111,0.054166667,0.152777778,0.051594932,0.25,0.083333333,0.11653157,0.03997083,0.183207071,0.069047619
PRSA2017,12,"['PM2.5', 'PM10', 'SO2', 'NO2', 'CO', 'O3', 'TEMP', 'PRES', 'DEWP', 'RAIN', 'wd', 'WSPM']",1,100,50,32,-1,15,9,2,4,1,00:00:07,0.75,GRU,2023:02:22 14:20:00,2379 seconds,19884,00:40:00,0,0.086570727,0.00585167,0.098997444,0.077276289,0.177777778,0.037679611,0.222222222,0.111111111,0.132102456,0.052841225,0.192307692,0.040631808,0.177777778,0.037679611,0.222222222,0.111111111,0.127749394,0.042739157,0.183928571,0.055555556
PRSA2017,12,"['PM2.5', 'PM10', 'SO2', 'NO2', 'CO', 'O3', 'TEMP', 'PRES', 'DEWP', 'RAIN', 'wd', 'WSPM']",1,100,50,32,-1,15,9,2,4,1,00:00:08,0.75,GRU,2023:02:22 14:59:48,2387 seconds,21612,00:40:00,0,0.090889344,0.007661232,0.101692036,0.079048857,0.127777778,0.041573971,0.194444444,0.055555556,0.09347953,0.064885227,0.275793651,0.023809524,0.127777778,0.041573971,0.194444444,0.055555556,0.095826957,0.041570802,0.198148148,0.033333333
PRSA2017,12,"['PM2.5', 'PM10', 'SO2', 'NO2', 'CO', 'O3', 'TEMP', 'PRES', 'DEWP', 'RAIN', 'wd', 'WSPM']",1,100,50,32,-1,15,9,2,4,1,00:00:09,0.75,GRU,2023:02:22 15:28:42,1732 seconds,23340,00:40:00,0,0.088921836,0.010436754,0.111897439,0.080639936,0.152777778,0.055901699,0.25,0.055555556,0.138625371,0.095445,0.361111111,0.016835017,0.152777778,0.055901699,0.25,0.055555556,0.121293013,0.063466811,0.245405983,0.025793651
PRSA2017,12,"['PM2.5', 'PM10', 'SO2', 'NO2', 'CO', 'O3', 'TEMP', 'PRES', 'DEWP', 'RAIN', 'wd', 'WSPM']",1,100,50,32,-1,15,9,2,4,1,00:00:10,0.75,GRU,2023:02:22 15:37:10,508 seconds,25068,00:40:00,0,0.091412428,0.006618884,0.105538778,0.080975942,0.141666667,0.050384325,0.222222222,0.027777778,0.102518916,0.053822423,0.192592593,0.006410256,0.141666667,0.050384325,0.222222222,0.027777778,0.100337137,0.047081832,0.199007937,0.010416667
PRSA2017,12,"['PM2.5', 'PM10', 'SO2', 'NO2', 'CO', 'O3', 'TEMP', 'PRES', 'DEWP', 'RAIN', 'wd', 'WSPM']",1,100,50,32,-1,15,9,2,4,1,00:00:30,0.75,GRU,2023:02:22 15:42:35,324 seconds,59628,00:40:00,0,0.087015258,0.009407333,0.104381658,0.072199106,0.177777778,0.05853141,0.25,0.083333333,0.151891419,0.070781467,0.265512266,0.034722222,0.177777778,0.05853141,0.25,0.083333333,0.143351986,0.057933451,0.222089947,0.048821549
PRSA2017,12,"['PM2.5', 'PM10', 'SO2', 'NO2', 'CO', 'O3', 'TEMP', 'PRES', 'DEWP', 'RAIN', 'wd', 'WSPM']",1,100,50,32,-1,15,9,2,4,1,00:01:00,0.75,GRU,2023:02:22 15:45:34,179 seconds,111468,00:40:00,0,0.085778373,0.00988351,0.099010162,0.070503481,0.197222222,0.073964039,0.388888889,0.111111111,0.194295126,0.089711792,0.406349206,0.096527778,0.197222222,0.073964039,0.388888889,0.111111111,0.169659682,0.076388003,0.375,0.097222222
PRSA2017,12,"['PM2.5', 'PM10', 'SO2', 'NO2', 'CO', 'O3', 'TEMP', 'PRES', 'DEWP', 'RAIN', 'wd', 'WSPM']",1,100,50,32,-1,15,9,2,4,1,00:02:00,0.75,GRU,2023:02:22 15:48:11,156 seconds,215148,00:40:00,0,0.087208678,0.007540286,0.105228812,0.078931503,0.147916667,0.037788244,0.229166667,0.083333333,0.115454969,0.066751454,0.266877104,0.016559829,0.147916667,0.037788244,0.229166667,0.083333333,0.112062652,0.041961145,0.189496846,0.027083333
PRSA2017,12,"['PM2.5', 'PM10', 'SO2', 'NO2', 'CO', 'O3', 'TEMP', 'PRES', 'DEWP', 'RAIN', 'wd', 'WSPM']",1,100,50,32,-1,15,9,2,4,1,00:03:00,0.75,GRU,2023:02:22 15:51:36,204 seconds,318828,00:40:00,0,0.087477016,0.005921526,0.099850677,0.078908198,0.1625,0.058778067,0.270833333,0.041666667,0.134731923,0.061645183,0.251940994,0.020833333,0.1625,0.058778067,0.270833333,0.041666667,0.129221741,0.04973026,0.2128367,0.027083333
PRSA2017,12,"['PM2.5', 'PM10', 'SO2', 'NO2', 'CO', 'O3', 'TEMP', 'PRES', 'DEWP', 'RAIN', 'wd', 'WSPM']",1,100,50,32,-1,15,9,2,4,1,00:04:00,0.75,GRU,2023:02:22 15:55:06,208 seconds,422508,00:40:00,0,0.086981358,0.007300386,0.098740183,0.075787224,0.133333333,0.065351613,0.25,0.020833333,0.113129544,0.055369106,0.247619048,0.035984848,0.133333333,0.065351613,0.25,0.020833333,0.10351668,0.051598846,0.20702767,0.033333333
PRSA2017,12,"['PM2.5', 'PM10', 'SO2', 'NO2', 'CO', 'O3', 'TEMP', 'PRES', 'DEWP', 'RAIN', 'wd', 'WSPM']",1,100,50,32,-1,15,9,2,4,1,00:05:00,0.75,GRU,2023:02:22 15:58:29,202 seconds,526188,00:40:00,0,0.087601078,0.004866295,0.095007598,0.078684747,0.158333333,0.041874482,0.229166667,0.104166667,0.139956178,0.048674486,0.216666667,0.052083333,0.158333333,0.041874482,0.229166667,0.104166667,0.131681853,0.039562202,0.198141186,0.065277778
PRSA2017,12,"['PM2.5', 'PM10', 'SO2', 'NO2', 'CO', 'O3', 'TEMP', 'PRES', 'DEWP', 'RAIN', 'wd', 'WSPM']",1,100,50,32,-1,15,9,2,4,1,00:06:00,0.75,GRU,2023:02:22 16:01:29,179 seconds,629868,00:40:00,0,0.084823352,0.006012828,0.095299505,0.075299539,0.18125,0.044731064,0.25,0.125,0.150670851,0.081134408,0.336988304,0.071153846,0.18125,0.044731064,0.25,0.125,0.141243108,0.042203069,0.21966011,0.089087302
PRSA2017,12,"['PM2.5', 'PM10', 'SO2', 'NO2', 'CO', 'O3', 'TEMP', 'PRES', 'DEWP', 'RAIN', 'wd', 'WSPM']",1,100,50,32,-1,15,9,2,4,1,00:07:00,0.75,GRU,2023:02:22 16:03:49,139 seconds,733548,00:40:00,0,0.084219807,0.005081153,0.094232239,0.077329449,0.154166667,0.05204165,0.25,0.083333333,0.139969365,0.062477485,0.24212963,0.047089947,0.154166667,0.05204165,0.25,0.083333333,0.125279484,0.045789427,0.211421449,0.05828877
PRSA2017,12,"['PM2.5', 'PM10', 'SO2', 'NO2', 'CO', 'O3', 'TEMP', 'PRES', 'DEWP', 'RAIN', 'wd', 'WSPM']",1,100,50,32,-1,15,9,2,4,1,00:08:00,0.75,GRU,2023:02:22 16:06:48,179 seconds,837228,00:40:00,0,0.085295217,0.005889433,0.091962196,0.074006483,0.154166667,0.056056767,0.25,0.0625,0.128824451,0.059243862,0.215730676,0.034259259,0.154166667,0.056056767,0.25,0.0625,0.12030414,0.046867825,0.213383838,0.043243793
PRSA2017,12,"['PM2.5', 'PM10', 'SO2', 'NO2', 'CO', 'O3', 'TEMP', 'PRES', 'DEWP', 'RAIN', 'wd', 'WSPM']",1,100,50,32,-1,15,9,2,4,1,00:09:00,0.75,GRU,2023:02:22 16:10:03,194 seconds,940908,00:40:00,0,0.085223848,0.005918061,0.094085157,0.076154582,0.170833333,0.060236801,0.25,0.0625,0.175031693,0.096642237,0.321170034,0.02354798,0.170833333,0.060236801,0.25,0.0625,0.146312826,0.067129818,0.218861925,0.03377193
PRSA2017,12,"['PM2.5', 'PM10', 'SO2', 'NO2', 'CO', 'O3', 'TEMP', 'PRES', 'DEWP', 'RAIN', 'wd', 'WSPM']",1,100,50,32,-1,15,9,2,4,1,00:10:00,0.75,GRU,2023:02:22 16:13:22,197 seconds,1044588,00:40:00,0,0.086399174,0.007157267,0.097317882,0.071224034,0.14375,0.080390756,0.291666667,0.0625,0.120922503,0.078022013,0.275793651,0.018055556,0.14375,0.080390756,0.291666667,0.0625,0.112772858,0.072477806,0.251213893,0.029448622
PRSA2017,12,"['PM2.5', 'PM10', 'SO2', 'NO2', 'CO', 'O3', 'TEMP', 'PRES', 'DEWP', 'RAIN', 'wd', 'WSPM']",1,100,50,32,-1,15,9,2,4,1,00:20:00,0.75,GRU,2023:02:22 16:16:13,170 seconds,2081388,00:40:00,0,0.079728423,0.002895307,0.084598072,0.075003996,0.155,0.052730973,0.266666667,0.083333333,0.126504041,0.064129334,0.231579588,0.04516687,0.155,0.052730973,0.266666667,0.083333333,0.120606305,0.044921179,0.207792208,0.058068783