dataset,class,loss_metric,loss_function,monitor_metric,monitor_mode,restore_best,features,sample_rate,noise_rate,epochs,batch_size,data_length_time,repetitions,n_h_block,n_train_h_block,n_valid_h_block,n_test_h_block,h_moving_step,segments_time,segments_overlap,inner_classifier,datetime,running_time,n_params,decision_time,decision_overlap,Core_pesl_mean,Core_pesl_std,Core_pesl_max,Core_pesl_min,Core_mse_mean,Core_mse_std,Core_mse_max,Core_mse_min,Core_accuracy_mean,Core_accuracy_std,Core_accuracy_max,Core_accuracy_min,Core_precision_mean,Core_precision_std,Core_precision_max,Core_precision_min,Core_recall_mean,Core_recall_std,Core_recall_max,Core_recall_min,Core_f1_mean,Core_f1_std,Core_f1_max,Core_f1_min,MV_pesl_mean,MV_pesl_std,MV_pesl_max,MV_pesl_min,MV_mse_mean,MV_mse_std,MV_mse_max,MV_mse_min,MV_accuracy_mean,MV_accuracy_std,MV_accuracy_max,MV_accuracy_min,MV_precision_mean,MV_precision_std,MV_precision_max,MV_precision_min,MV_recall_mean,MV_recall_std,MV_recall_max,MV_recall_min,MV_f1_mean,MV_f1_std,MV_f1_max,MV_f1_min,MS_pesl_mean,MS_pesl_std,MS_pesl_max,MS_pesl_min,MS_mse_mean,MS_mse_std,MS_mse_max,MS_mse_min,MS_accuracy_mean,MS_accuracy_std,MS_accuracy_max,MS_accuracy_min,MS_precision_mean,MS_precision_std,MS_precision_max,MS_precision_min,MS_recall_mean,MS_recall_std,MS_recall_max,MS_recall_min,MS_f1_mean,MS_f1_std,MS_f1_max,MS_f1_min
User_Identification_From_Walking,13,pesl,categorical_crossentropy,ms_pesl,min,TRUE,"[' x acceleration', ' y acceleration', ' z acceleration']",32,100,20,32,-1,1,10,5,2,3,1,00:00:03,0.75,CNN_L,2024:01:14 22:49:30,142 seconds,1595773,00:00:20,0,0.058355857,0.017879859,0.09306682,0.039784428,0.036447822,0.011822381623779892,0.059263218142562996,0.02416864,0.6914618369987063,0.085592895,0.7800776196636481,0.5239327296248383,0.6818493598902705,0.097140851,0.7961955907243305,0.49170758988125585,0.7041836453183691,0.073618452,0.7740072111549414,0.5533769564963491,0.6636330470959874,0.080206772,0.7428461867073844,0.5017159326332817,0.0423907,0.017953252,0.07614688,0.021063687,0.026870276,0.011659528977230302,0.048210118,0.012915467810258477,0.7759562841530053,0.083946948,0.8688524590163934,0.6065573770491803,0.7822921495715613,0.095512294,0.8727752639517345,0.617445055,0.80998446,0.07315061,0.8991841491841492,0.6882284382284382,0.7627098232059947,0.089139135,0.8607752121922162,0.6020879120879121,0.04261568,0.016563447,0.07391571,0.021570547,0.026319238,0.010574004094207647,0.045978966332816326,0.013422324970886426,0.7704918032786884,0.086228054,0.8852459016393442,0.6065573770491803,0.7522061272061271,0.083676708,0.847985348,0.617445055,0.8025446775446775,0.070067865,0.8811188811188811,0.6882284382284382,0.7471831125999174,0.081656599,0.8544788544788546,0.6020879120879121
User_Identification_From_Walking,13,pesl,categorical_crossentropy,ms_pesl,min,TRUE,"[' x acceleration', ' y acceleration', ' z acceleration']",32,100,20,32,-1,1,10,5,2,3,1,00:00:04,0.75,CNN_L,2024:01:14 22:51:32,122 seconds,2120061,00:00:20,0,0.06379194,0.014741398,0.090128765,0.04646246,0.039473296,0.009496765,0.057009177,0.028509788,0.6575123510607381,0.075371556,0.7471665213600698,0.5335658238884046,0.6491659481670741,0.08134936,0.7250323013255326,0.5351685844200025,0.6750095683860077,0.067856027,0.7464447361664627,0.5747145569673784,0.63112245,0.078051046,0.7242244806240261,0.5177172585182299,0.05106869,0.016654849,0.07802368,0.03229147,0.032250182,0.010116011227471432,0.048922885,0.019487121307984658,0.732240437,0.090122527,0.8360655737704918,0.5901639344262295,0.7297249346844489,0.11020012807893566,0.9090909090909091,0.538409634,0.7609362859362859,0.084060445,0.8671328671328672,0.6372960372960373,0.7140907456241464,0.096597057,0.8623462435000897,0.5701631701631702,0.049292654,0.01493866,0.075078525,0.032223847,0.030280139462146638,0.008956601,0.045977745,0.020429932,0.732240437,0.085007373,0.8360655737704918,0.5901639344262295,0.7145643886028501,0.082496847,0.8088827838827839,0.550690335,0.7565656565656566,0.074979317,0.8508158508158508,0.6442890442890442,0.7037794950383106,0.078537071,0.7964594110343098,0.5792315211670052
User_Identification_From_Walking,13,pesl,categorical_crossentropy,ms_pesl,min,TRUE,"[' x acceleration', ' y acceleration', ' z acceleration']",32,100,20,32,-1,1,10,5,2,3,1,00:00:05,0.75,CNN_L,2024:01:14 22:53:17,104 seconds,2644349,00:00:20,0,0.06752819,0.014217016,0.09421803,0.050522365,0.042334639,0.009464852,0.060044475535214525,0.030894074,0.6451908957415565,0.067500073,0.723568282,0.5187224669603524,0.6097478863868723,0.074784073,0.6854025340211204,0.47625652802338936,0.6559700705721031,0.071126795,0.7539620448309161,0.5334343945653182,0.6062983585801299,0.074548415,0.6951965979868967,0.47654263451520384,0.057763427,0.015470029,0.08356567,0.035175808,0.035943901,0.009738924,0.051391101502048245,0.021862198452435137,0.6770833333333334,0.080011935,0.796875,0.546875,0.649108056,0.096441391,0.7603396603396604,0.5119566707802002,0.7125097125097124,0.079931791,0.7995337995337995,0.6046620046620046,0.6492696394041952,0.092179539,0.7541885015569227,0.526129426,0.056914326,0.014151336,0.079538256,0.03666437,0.033800419528394424,0.008784608,0.048473169,0.021131826,0.6744791666666666,0.077820587,0.78125,0.5625,0.6436623505449416,0.097873892,0.7517328825021133,0.47148407148407157,0.7111305361305361,0.074977508,0.7977855477855478,0.5982517482517482,0.6437075676956968,0.082020724,0.7232314693853156,0.5138688897309588
User_Identification_From_Walking,13,pesl,categorical_crossentropy,ms_pesl,min,TRUE,"[' x acceleration', ' y acceleration', ' z acceleration']",32,100,20,32,-1,1,10,5,2,3,1,00:00:06,0.75,CNN_L,2024:01:14 22:54:51,93 seconds,3168637,00:00:20,0,0.06784359,0.014259955,0.08980775,0.04751849,0.042357932,0.009552713,0.057765021946116754,0.029127101987592295,0.6410769915442813,0.067417356,0.7409879839786382,0.5487316421895861,0.6121766363187564,0.070152323,0.7069669372060026,0.5318769723474296,0.6718802415326839,0.066631047,0.7576564319247764,0.56735376,0.6175316924454454,0.06717581,0.7095798959600597,0.5291883005012792,0.05870137,0.014905576,0.07542921,0.033534005,0.036919361,0.010122045049781106,0.048673356,0.020156075808249723,0.6859903381642513,0.074684178,0.8115942028985508,0.6086956521739131,0.6733432689315042,0.082613394,0.7686202686202687,0.5256410256410257,0.725904011,0.06196446,0.8224852071005918,0.644871795,0.6720948947287559,0.068247842,0.7772622802034567,0.5673423798423799,0.05692103,0.013330665,0.07409939,0.034935884,0.034624488,0.009271686,0.047343546,0.020528889,0.6859903381642513,0.061297476,0.7971014492753623,0.6231884057971014,0.6762480453269927,0.083556616,0.7816239316239316,0.5310439560439562,0.7381656804733728,0.060027639681330965,0.8357988165680473,0.6474358974358974,0.6811419341676958,0.068608396,0.7933760683760684,0.5718781218781218
User_Identification_From_Walking,13,pesl,categorical_crossentropy,ms_pesl,min,TRUE,"[' x acceleration', ' y acceleration', ' z acceleration']",32,100,20,32,-1,1,10,5,2,3,1,00:00:07,0.75,CNN_L,2024:01:14 22:56:19,87 seconds,3692925,00:00:20,0,0.06827575,0.013451627,0.090445936,0.050109405,0.042281181492512504,0.009082697,0.056840935,0.030459970117041168,0.6339098532494759,0.062190896,0.7232704402515723,0.5267295597484277,0.6037993448046736,0.069832339,0.7012283718549747,0.4818485860321372,0.6418875891772386,0.065806664,0.7360600221734254,0.5270268232235353,0.6013516104728223,0.067870861,0.7047873970744513,0.485526982,0.05888757,0.014025211,0.079364404,0.043536603,0.036978083853083855,0.00881774,0.050578222,0.025305353430353433,0.6666666666666666,0.072212701,0.7432432432432432,0.5675675675675675,0.6368747798095625,0.091619529,0.7477078477078477,0.4722222222222222,0.6829599887292194,0.064012995,0.7520991828684137,0.5606508875739645,0.6300097081058128,0.074716995,0.7218098730788088,0.4967032967032967,0.057476077,0.012079066,0.075335704,0.042176202,0.034607054576283894,0.007987589,0.046549517,0.023944949019185986,0.6779279279279279,0.058080166478502816,0.7432432432432432,0.5945945945945946,0.6627968897199666,0.056609717,0.7341880341880341,0.5865967365967366,0.7099629003475157,0.057053056,0.771329952,0.6311637080867849,0.6534203194867741,0.056396981107734175,0.7360255593533185,0.5791305252843715
User_Identification_From_Walking,13,pesl,categorical_crossentropy,ms_pesl,min,TRUE,"[' x acceleration', ' y acceleration', ' z acceleration']",32,100,20,32,-1,1,10,5,2,3,1,00:00:08,0.75,CNN_L,2024:01:14 22:57:42,82 seconds,4217213,00:00:20,0,0.06800128,0.01568897,0.08916092,0.043828364,0.042000015,0.010335214,0.056932192475663064,0.026750992586960204,0.6338155515370706,0.076319815,0.759493671,0.546112116,0.6078977754312023,0.0851212,0.7179098188369948,0.48384483636544506,0.6465565638045382,0.064837121,0.7572113607431004,0.5724956405006526,0.6011749931072714,0.074676307,0.724796152,0.5178577732784396,0.06276458,0.016640313,0.08394195,0.039046306,0.039095933420786655,0.011033173554059089,0.052816068,0.023483365949119372,0.6552511415525114,0.079253676,0.7671232876712328,0.547945205,0.620631546,0.093327033,0.7635725385725384,0.5051282051282052,0.6873508969662816,0.058445135,0.7703578472809242,0.6315159199774585,0.6292475074489962,0.073498561,0.7348510185466707,0.5567480011028398,0.058802154,0.015208113,0.07962301,0.03661698,0.035781964,0.00979071,0.049469808,0.022026723669351263,0.6757990867579907,0.078957153,0.7945205479452054,0.5753424657534246,0.6510364965353816,0.082321288,0.7779581529581528,0.5480052556139513,0.704329858,0.056392613,0.7955057762750071,0.6553254437869823,0.6508858034330196,0.070730231,0.75897822,0.587057387
User_Identification_From_Walking,13,pesl,categorical_crossentropy,ms_pesl,min,TRUE,"[' x acceleration', ' y acceleration', ' z acceleration']",32,100,20,32,-1,1,10,5,2,3,1,00:00:09,0.75,CNN_L,2024:01:14 22:59:03,80 seconds,4741501,00:00:20,0,0.07951561,0.010191049,0.096652694,0.06380146,0.048712295,0.007059589,0.061588044,0.039256212,0.5661865569272977,0.047077192,0.654320988,0.5061728395061729,0.5245592366956046,0.064978922,0.6397183761928866,0.43588828594017115,0.5756130086359307,0.046331587875768784,0.6582223561826582,0.5113224584962757,0.5300231589367294,0.056126102,0.6371300287050351,0.4741650083903093,0.07612898,0.011168923,0.0919115,0.057062004,0.048472687,0.007486527,0.060267559,0.035451505,0.5942028985507247,0.055660476,0.6847826086956522,0.5217391304347826,0.554351594,0.074206066,0.6754203061895369,0.4677147638686101,0.6126262437914022,0.058701471,0.6950441715147596,0.5140109890109891,0.5579563062662779,0.066421422,0.6734314686591649,0.4872644263948612,0.07081642,0.010710772,0.08714576,0.052824326,0.042645586,0.007083863,0.055501825,0.032757436,0.6032608695652174,0.059120177072756214,0.717391304,0.5543478260869565,0.5828133820304576,0.086342014,0.6962706322018063,0.48259658893143054,0.6369453008027668,0.046487434,0.7174800689506571,0.5842032967032966,0.5804071160684371,0.061930587428538054,0.6926885982779283,0.5096823392969437
User_Identification_From_Walking,13,pesl,categorical_crossentropy,ms_pesl,min,TRUE,"[' x acceleration', ' y acceleration', ' z acceleration']",32,100,20,32,-1,1,10,5,2,3,1,00:00:10,0.75,CNN_L,2024:01:14 23:00:22,78 seconds,5265789,00:00:20,0,0.07545674,0.013472744,0.096545346,0.057415955,0.047103677048423366,0.00882029,0.061699846,0.035884069,0.6006944444444445,0.06709969,0.6967592592592593,0.5092592592592593,0.5846996425150394,0.056481526,0.6708320857729929,0.5263137930139364,0.6016299367131254,0.051786403174981004,0.6623325259517631,0.5113832501707697,0.5672816736806724,0.06396997,0.64540672,0.47116974352373353,0.06731634,0.017526548,0.090630434,0.040692527,0.043355492,0.010816157823767889,0.058195632,0.026666667,0.6440329218106996,0.088859353,0.7777777777777778,0.5308641975308642,0.6155181993744746,0.12458183027105679,0.7956094737471255,0.47112332112332117,0.6480921855921855,0.061030989,0.7302197802197803,0.5633699633699634,0.6065298794323369,0.088069364,0.7309330812556619,0.5028177704648293,0.0638317,0.014897225,0.084103964,0.041576784,0.038994238,0.009104562,0.052545782,0.025797689143082298,0.6502057613168724,0.083021568,0.7777777777777778,0.5555555555555556,0.6324726419466238,0.12071688165021298,0.7943364327979712,0.43788156288156277,0.6572954822954823,0.067179129,0.7446886446886448,0.5432234432234432,0.6148045586579084,0.089112859,0.7342741304279767,0.47555710010071056
User_Identification_From_Walking,13,pesl,categorical_crossentropy,ms_pesl,min,TRUE,"[' x acceleration', ' y acceleration', ' z acceleration']",32,100,20,32,-1,1,10,5,2,3,1,00:00:11,0.75,CNN_L,2024:01:14 23:01:38,76 seconds,5790077,00:00:20,0,0.08032083,0.009756643,0.093658105,0.06690052,0.049362493,0.006500978,0.059253177681530024,0.04091382,0.5640034364261168,0.04720593,0.634020619,0.5154639175257731,0.5304050479001902,0.053478332,0.6168796802542933,0.46252133831081194,0.5544472315673599,0.058913135,0.6524302694064238,0.5074846245815791,0.5198323005049525,0.058698562,0.6143374496592882,0.4630403360903074,0.0746559,0.008508817,0.08754341,0.061261896,0.048285953,0.006136793,0.058214882943143816,0.038879599,0.5742753623188406,0.047136275,0.6739130434782609,0.5434782608695652,0.5441444783639354,0.075279257,0.6904708037060978,0.44553257200316015,0.5709187504719179,0.078004094,0.7234003364659471,0.4751068376068376,0.5284077617678663,0.077868669,0.6864391802680723,0.4528300388981503,0.07263612,0.009110214,0.08698696,0.059185162,0.043050321,0.005528529,0.052255803,0.035259256281003966,0.5833333333333334,0.050853873,0.6630434782608695,0.5108695652173914,0.5553803614487706,0.068530722,0.6844204940358787,0.4751984126984127,0.5801486817606727,0.065785751,0.6929516185172293,0.4907051282051282,0.5393367660983346,0.064238596,0.6556127559443209,0.4671509046509047
User_Identification_From_Walking,13,pesl,categorical_crossentropy,ms_pesl,min,TRUE,"[' x acceleration', ' y acceleration', ' z acceleration']",32,100,20,32,-1,1,10,5,2,3,1,00:00:12,0.75,CNN_L,2024:01:14 23:03:00,82 seconds,6314365,00:00:20,0,0.08075554,0.014202797,0.103891134,0.0609846,0.050189179,0.008969091,0.064127823,0.037654078317232866,0.5695238095238094,0.074279609,0.6714285714285714,0.44,0.5300198794216592,0.092326882,0.6745134676761606,0.3954502137041046,0.5905667186050335,0.086532008,0.6768770095499778,0.42949278287532117,0.5356386534863716,0.078635893,0.6446559146709793,0.4051429795086269,0.07960336,0.018668922,0.10993002,0.05374899,0.052164486,0.011409418522066863,0.070342637,0.036154603,0.5855457227138644,0.091457322,0.7168141592920354,0.4247787610619469,0.5692617018702723,0.1299947059790086,0.769113242,0.3793956043956044,0.6140415140415141,0.11526814021364766,0.7379884004884005,0.4165598290598291,0.5606601815867517,0.108367605,0.7132163146333187,0.38687204444289464,0.073628,0.014361659,0.097457,0.053921327,0.045456040992714226,0.008964729,0.059754749,0.033185088,0.603244838,0.077387962,0.7079646017699115,0.4690265486725664,0.5668474027712987,0.077426827,0.7025979149056073,0.4570291777188329,0.6287723850223851,0.073011319,0.7127594627594628,0.49818376068376075,0.5701756059862727,0.062995983,0.66978941,0.46837319225983187
User_Identification_From_Walking,13,pesl,categorical_crossentropy,ms_pesl,min,TRUE,"[' x acceleration', ' y acceleration', ' z acceleration']",32,100,20,32,-1,1,10,5,2,3,1,00:00:13,0.75,CNN_L,2024:01:14 23:04:12,71 seconds,6838653,00:00:20,0,0.08589695,0.012682037,0.10477445,0.06746285,0.053970093024585754,0.008785595,0.067612482,0.041582196,0.5503634475597092,0.055514295,0.6355140186915887,0.4766355140186916,0.5412423683141344,0.058617915,0.6345501042185949,0.45583509217989504,0.5541889122890553,0.055247343514490684,0.6251397202992822,0.47707919478579164,0.521591791,0.057470566,0.6135489431211594,0.44265933752672876,0.081688605,0.013836416,0.10044992,0.05770197,0.054075191,0.009507678,0.067035361,0.038210156,0.5784313725490196,0.062520021,0.696078431,0.5098039215686274,0.569582414,0.052489361610857245,0.6770291112396376,0.5226244343891402,0.5887820512820513,0.06412734,0.689102564,0.5074786324786325,0.5473114984947102,0.062106998,0.667057346,0.48127897743282355,0.078587376,0.012632143,0.097941555,0.059155688,0.048885557,0.009049715,0.06313473,0.036183184767426595,0.5816993464052288,0.052389606,0.6764705882352942,0.5098039215686274,0.560201896,0.048079019,0.6376498445324356,0.5053940485378613,0.594551282,0.064692178,0.6694444444444444,0.4946581196581196,0.5460114397876494,0.061888791,0.6346164733632763,0.450559348
User_Identification_From_Walking,13,pesl,categorical_crossentropy,ms_pesl,min,TRUE,"[' x acceleration', ' y acceleration', ' z acceleration']",32,100,20,32,-1,1,10,5,2,3,1,00:00:14,0.75,CNN_L,2024:01:14 23:05:22,70 seconds,7362941,00:00:20,0,0.08266196,0.01308663,0.09651118,0.06114143,0.051210745009310187,0.008424795,0.059684377,0.037312329837049456,0.5570621468926554,0.066446058,0.6644067796610169,0.48135593220338985,0.49771322025646964,0.091543892,0.6299809029643126,0.39377751669197286,0.5377599534761338,0.072238754,0.6467895352510737,0.4588283511360434,0.49440512388214697,0.076908269,0.6155768335172929,0.40984954839854565,0.08406788,0.015011253,0.09977557,0.058477864,0.057869142351900986,0.009943019,0.068435013,0.040848806,0.5632183908045977,0.064162233,0.6896551724137931,0.4896551724137931,0.5040646393870731,0.084808779,0.6700371272769464,0.4168153102935712,0.5572242335062848,0.073617464,0.6779920933767087,0.46188341572956954,0.5048168428808847,0.081353324,0.6593314475556552,0.4296085126228878,0.077631846,0.013367655,0.093607485,0.055747434,0.047760394,0.008106825,0.055900903,0.034200811291545986,0.5793103448275861,0.075652794,0.696551724,0.4689655172413793,0.5067737863443117,0.095718646,0.6599096091571008,0.41353386951213034,0.5604331803049752,0.070965648,0.6564950718796874,0.46990103913180836,0.5127242648649932,0.083023534,0.6383932857878267,0.4306010227871019
User_Identification_From_Walking,13,pesl,categorical_crossentropy,ms_pesl,min,TRUE,"[' x acceleration', ' y acceleration', ' z acceleration']",32,100,20,32,-1,1,10,5,2,3,1,00:00:15,0.75,CNN_L,2024:01:14 23:06:31,69 seconds,7887229,00:00:20,0,0.09367105,0.010931575,0.11255355,0.081984155,0.057950551,0.007866451,0.070785363,0.049014867,0.496936275,0.046765739958559295,0.5477941176470589,0.4117647058823529,0.4127854454352429,0.050961358,0.506985908,0.3426049706101785,0.4549093754410496,0.056946168,0.516937876,0.37588106338106336,0.41000337954734273,0.053343563,0.48482148048042506,0.33432633786558746,0.0986268,0.012276762,0.11841044,0.0821006,0.067696193,0.008230457,0.081293706,0.056818181818181816,0.481060606,0.045190732747912306,0.5454545454545454,0.42424242424242425,0.4042669285053224,0.046831292,0.4586144849302744,0.3143044231753909,0.44206172482488265,0.052094221,0.5277106227106227,0.36728841334104484,0.39489941913103926,0.042933767,0.445118946,0.32065503549020025,0.09124903,0.011722265,0.111407384,0.07793169,0.055656417034537047,0.008022138,0.06837349,0.04673211,0.49873737373737376,0.055397502,0.5606060606060606,0.3939393939393939,0.41203933360003564,0.054137107,0.4702473854647768,0.3065422881212355,0.4599644945697577,0.058343343,0.5320695970695971,0.36486890302679775,0.40718795855086776,0.054053291,0.4579785370695649,0.3092840576110402
User_Identification_From_Walking,13,pesl,categorical_crossentropy,ms_pesl,min,TRUE,"[' x acceleration', ' y acceleration', ' z acceleration']",32,100,20,32,-1,1,10,5,2,3,1,00:00:03,0.75,CNN_L,2024:01:14 23:08:56,144 seconds,1595773,00:00:21,0,0.06105705,0.01498585,0.088801965,0.044954825,0.037633364268911285,0.009501811,0.055503591627500466,0.027501878495317305,0.6701164294954722,0.077690603,0.7542043984476067,0.5310478654592496,0.6537996797390452,0.086871218,0.7573199711031902,0.508116192,0.6912614777005213,0.077936954,0.791158673,0.5501696265855047,0.6401796841406219,0.082529643,0.7572025370521125,0.500821876,0.048687506,0.015020689,0.075270064,0.030933104,0.030182937062937062,0.009526095,0.046867692,0.018022937,0.7303030303030303,0.085549056,0.8181818181818182,0.5818181818181818,0.7060979325685208,0.074439604,0.8023504273504274,0.591754651,0.7521367521367521,0.062801614,0.8358974358974358,0.6641025641025641,0.6979377276571053,0.073786053,0.798232761,0.5972745203514435,0.0466079,0.01345479,0.07178497,0.031235915,0.028103325263050125,0.008379085,0.043382611,0.018325745,0.7393939393939394,0.07472017,0.8181818181818182,0.6,0.718161925,0.06209062,0.7999916749916749,0.6278902384165542,0.7589743589743589,0.061449366,0.8358974358974358,0.6717948717948719,0.708659769,0.068446515,0.798232761,0.6065823065823066
User_Identification_From_Walking,13,pesl,categorical_crossentropy,ms_pesl,min,TRUE,"[' x acceleration', ' y acceleration', ' z acceleration']",32,100,20,32,-1,1,10,5,2,3,1,00:00:04,0.75,CNN_L,2024:01:14 23:10:57,121 seconds,2120061,00:00:21,0,0.06728914,0.012273223,0.08342415,0.04882622,0.041536341,0.007880716,0.051346735418817825,0.029202095631515247,0.6373147340889277,0.064207103,0.7236268526591108,0.5361813426329556,0.6194953018237296,0.077902224,0.715387991,0.4824668925383142,0.6497982496454199,0.081540797,0.733107096,0.49494585001734026,0.6124593008315578,0.080338389,0.7139573641512454,0.473042678,0.056616932,0.014418897,0.078930065,0.031837575,0.035232113,0.009190762,0.049032839,0.020626114193365654,0.6959064327485379,0.083933919,0.8421052631578947,0.5614035087719298,0.6908641927872697,0.088201353,0.7582417582417583,0.49739704739704743,0.7167637917637917,0.095671968,0.802097902,0.5217948717948718,0.6771387956879845,0.089221111,0.7737452830570241,0.4973780605359553,0.053506475,0.01362823,0.07438546,0.03066374,0.032744507,0.008624665,0.045733951,0.019452277086097616,0.7076023391812866,0.074202208,0.8421052631578947,0.5964912280701754,0.6902129921360691,0.084816501,0.7582417582417583,0.5103396603396603,0.7247668997668998,0.089580871,0.802097902,0.5371794871794872,0.6828168684622602,0.084718758,0.7737452830570241,0.5101422194539603
User_Identification_From_Walking,13,pesl,categorical_crossentropy,ms_pesl,min,TRUE,"[' x acceleration', ' y acceleration', ' z acceleration']",32,100,20,32,-1,1,10,5,2,3,1,00:00:05,0.75,CNN_L,2024:01:14 23:12:41,103 seconds,2644349,00:00:21,0,0.06917351,0.013769824,0.092045896,0.05233737,0.043367386367908815,0.009108294,0.058576142,0.032161679250482744,0.6365638766519824,0.066869964,0.7158590308370044,0.5286343612334802,0.6239322129754745,0.058601668,0.7084166096006697,0.5363932186480681,0.6456968951968394,0.050216877745866285,0.7033858018311501,0.5580220674831018,0.6014734779276943,0.054482004,0.6714888873823472,0.5169155617320645,0.058716435,0.016918402,0.080991134,0.034805983,0.037081816,0.010328025,0.051035503,0.022601843,0.6875,0.08746279,0.828125,0.578125,0.6786587459381576,0.095738806,0.858907759,0.5615384615384615,0.707905983,0.075442997,0.844988345,0.6177156177156178,0.6591648591608826,0.086349077,0.824356127,0.5821194190424961,0.058546096,0.01645449,0.081554525,0.035392784,0.035247274,0.009394068,0.048270497,0.022079171930707426,0.671875,0.10045469542700995,0.8125,0.53125,0.6420467009506065,0.11704244057805248,0.8544698890852737,0.528361345,0.6901903651903653,0.083641835,0.8193473193473194,0.5696969696969696,0.6354351416484105,0.097712103,0.7987708422931095,0.5213722175260637
User_Identification_From_Walking,13,pesl,categorical_crossentropy,ms_pesl,min,TRUE,"[' x acceleration', ' y acceleration', ' z acceleration']",32,100,20,32,-1,1,10,5,2,3,1,00:00:06,0.75,CNN_L,2024:01:14 23:14:15,94 seconds,3168637,00:00:21,0,0.065886535,0.014336777,0.08585488,0.03964497,0.041222482185613016,0.009248781,0.055139371,0.024761220650624097,0.6526479750778816,0.072611096,0.7903871829105474,0.5674232309746329,0.6470015083666785,0.067135345,0.7628870324915489,0.5556863255553802,0.673214209,0.054986119,0.7620710287603258,0.5972155305334401,0.6216786327728411,0.060826922,0.7295611638483405,0.5565468641134683,0.056049228,0.017748753,0.07541184,0.021103643,0.034671096,0.010627008330423368,0.047925681,0.014232102208641795,0.696236559,0.10428583194231623,0.9032258064516129,0.5967741935483871,0.6823207902348769,0.09794707,0.8512820512820513,0.5502515028830819,0.7270590520590522,0.062474502,0.8385780885780887,0.6425407925407925,0.6744915794858587,0.080921401,0.8299555516946822,0.5798534798534799,0.054504205,0.01428305,0.073192045,0.028477672,0.032935197,0.008943496,0.045705879,0.017025105,0.696236559,0.077585321,0.8387096774193549,0.6129032258064516,0.6743891729185846,0.082397892,0.8066239316239316,0.558053058,0.7328023828023827,0.047507004,0.8096348096348097,0.657925408,0.672480112,0.063113257,0.7879467440553415,0.5909814323607427
User_Identification_From_Walking,13,pesl,categorical_crossentropy,ms_pesl,min,TRUE,"[' x acceleration', ' y acceleration', ' z acceleration']",32,100,20,32,-1,1,10,5,2,3,1,00:00:07,0.75,CNN_L,2024:01:14 23:15:55,99 seconds,3692925,00:00:21,0,0.07030462,0.014692348,0.08990544,0.050567903,0.043398289,0.009805839,0.057305241600826735,0.030471888,0.621069182,0.06944395,0.7169811320754716,0.5408805031446541,0.5710894416607615,0.06020943,0.6617649804736832,0.49904284221138223,0.6031126965427898,0.056593216938591144,0.6821514829500486,0.5250174964244683,0.5620974870577703,0.059133105,0.6542456453857878,0.49230853702436467,0.058716934,0.01622234,0.0779321,0.0330078,0.036527579930357705,0.010736901915728299,0.050035612535612534,0.020803656,0.6744791666666666,0.074617442,0.796875,0.578125,0.6045089107306302,0.076263687,0.741025641,0.48896872358410814,0.6517806267806268,0.046356798,0.7256410256410255,0.5871794871794872,0.6004289388195495,0.056466117,0.6956654456654456,0.5232031126767969,0.05755386,0.015939374,0.07594278,0.0347336,0.0351796,0.009522643,0.047096621,0.021419992,0.6848958333333334,0.091294522,0.8125,0.578125,0.6035912093604401,0.091699709,0.7602564102564103,0.48756243756243756,0.6643874643874644,0.063292924,0.75,0.5807692307692307,0.6087052071110776,0.074624127,0.7227383727383726,0.5184885163146032
User_Identification_From_Walking,13,pesl,categorical_crossentropy,ms_pesl,min,TRUE,"[' x acceleration', ' y acceleration', ' z acceleration']",32,100,20,32,-1,1,10,5,2,3,1,00:00:08,0.75,CNN_L,2024:01:14 23:17:19,84 seconds,4217213,00:00:21,0,0.076862544,0.014286484,0.096279964,0.059875026,0.047501444,0.009243327,0.061226408,0.035992384248984696,0.5864978902953586,0.074724375,0.6636528028933092,0.4665461121157324,0.5475317617794316,0.099157157,0.6580646228333187,0.38151564242269653,0.5890070482717215,0.079599526,0.6566463420409167,0.45246748324555974,0.5405397543404681,0.091107148,0.6317698919674152,0.3860213546811933,0.06952759,0.014491102,0.09108489,0.05172097,0.043103016,0.009540636,0.055181609,0.030321928560676115,0.6164383561643836,0.086275998,0.6986301369863014,0.4657534246575342,0.5702687675990843,0.13099589373352097,0.7277777777777779,0.32644544997486175,0.6376655395886165,0.090123341,0.7163285432516202,0.45857988165680474,0.572084748,0.11313644197611776,0.6884467579204423,0.3523402523402523,0.06673248,0.015018352,0.08685045,0.047301736,0.040956359471014316,0.009402709,0.052837851,0.028820749,0.636986301,0.08171475,0.7397260273972602,0.5205479452054794,0.610691486,0.085538528,0.7010878010878011,0.4879839115133233,0.6618390156851696,0.082840509,0.7398422090729783,0.5216962524654832,0.6015723620014116,0.095288477,0.6921647066383909,0.4452251452251452
User_Identification_From_Walking,13,pesl,categorical_crossentropy,ms_pesl,min,TRUE,"[' x acceleration', ' y acceleration', ' z acceleration']",32,100,20,32,-1,1,10,5,2,3,1,00:00:09,0.75,CNN_L,2024:01:14 23:18:43,83 seconds,4741501,00:00:21,0,0.083028875,0.013379785,0.10535053,0.06624101,0.051982061,0.008783471,0.066048908,0.041111348,0.5627572016460906,0.065270461,0.6460905349794238,0.44650205761316875,0.523087483,0.075795099,0.6451996536709823,0.42284454272400535,0.5817385103572279,0.064855147,0.6636764122915151,0.4581613352232467,0.5311243207849227,0.067499921,0.6339290619521148,0.42375033612419916,0.07493195,0.013531786,0.09526281,0.057441436,0.047214725,0.009038031,0.061628430049482694,0.03688709,0.581140351,0.067271323,0.6842105263157895,0.47368421052631576,0.5334088925152274,0.086049412,0.700996226,0.4539165962242885,0.6065157065157065,0.069071518,0.7147506339814031,0.4909449524834141,0.5406891524989609,0.07143098,0.6761449805565399,0.4607383844225949,0.07314653,0.012402383,0.0918973,0.05612042,0.043560728,0.008042388,0.056394339,0.033697496758978145,0.5833333333333334,0.062950439,0.6842105263157895,0.5,0.5488769833405461,0.078438629,0.6923382173382174,0.4340729783037475,0.6031579531579533,0.063006903,0.7151732882502113,0.5304823381746459,0.5428418380688421,0.068645146,0.6721969506023181,0.47046543200389357
User_Identification_From_Walking,13,pesl,categorical_crossentropy,ms_pesl,min,TRUE,"[' x acceleration', ' y acceleration', ' z acceleration']",32,100,20,32,-1,1,10,5,2,3,1,00:00:10,0.75,CNN_L,2024:01:14 23:20:04,81 seconds,5265789,00:00:21,0,0.077084094,0.009132026,0.09119736,0.06602,0.047553086,0.005733503,0.0561875,0.040543334,0.5841049382716049,0.049406823,0.6435185185185185,0.5069444444444444,0.5514942734853852,0.068356196,0.6541442598497279,0.47458517301542436,0.5705358993608857,0.075646885,0.6494611292270155,0.4467920922770421,0.5292553009241688,0.079666219,0.6196188063144009,0.3947376655405723,0.071406245,0.011146689,0.08629411,0.054233328,0.045546059,0.007416233,0.055612536,0.034947768,0.6152263374485597,0.053060893,0.7160493827160493,0.5432098765432098,0.5712020633415609,0.076212349,0.6669871794871794,0.4437645687645688,0.5903846153846154,0.067208361,0.6611721611721612,0.4906593406593407,0.5478950415452027,0.071873759,0.6310107766629506,0.42363601310969723,0.06713539,0.009153857,0.079793826,0.053252745,0.040106392,0.006044892,0.04823564,0.031337339378586876,0.6193415637860081,0.046965893870425206,0.691358025,0.5555555555555556,0.580384362,0.1169618649300407,0.7425213675213675,0.37159800983330393,0.596978022,0.089281707,0.7124542124542125,0.45219780219780226,0.5514992160143274,0.095280742,0.6491021917096449,0.37459165154264973
User_Identification_From_Walking,13,pesl,categorical_crossentropy,ms_pesl,min,TRUE,"[' x acceleration', ' y acceleration', ' z acceleration']",32,100,20,32,-1,1,10,5,2,3,1,00:00:11,0.75,CNN_L,2024:01:14 23:21:21,77 seconds,5790077,00:00:21,0,0.07608258,0.007665959,0.08467518,0.06358897,0.046893294,0.005610929,0.053015329672564726,0.038151284,0.5889175257731959,0.029936504,0.6417525773195877,0.5541237113402062,0.5611975538151077,0.050442501,0.6403929583252819,0.4880746246565079,0.5816670282127875,0.049022665,0.6525712204010284,0.517725399,0.5379204892161242,0.056274571675891186,0.6264763717931363,0.4481356375007985,0.07139718,0.006434786,0.07718035,0.06007204,0.046056299,0.004449636,0.050376254,0.038461538,0.6195652173913043,0.027354473,0.6739130434782609,0.5978260869565217,0.5692788002177142,0.055289515574400996,0.6561965811965812,0.4706778515602045,0.604903446,0.054661715,0.6852216034342731,0.5305860805860806,0.553818342,0.057959183664367135,0.6349624799752677,0.45595287902980214,0.06679326,0.006767628,0.07463534,0.056178924,0.040551947,0.004830162,0.045400461059307305,0.033024817910711324,0.6304347826086956,0.029434921755927376,0.6739130434782609,0.5869565217391305,0.6032832562527132,0.054400387797300345,0.6938976872800402,0.5132642998027613,0.6218861015806717,0.044985117,0.6852216034342731,0.5688186813186813,0.5745703870142469,0.050464735731901335,0.654858934,0.4899291568646408
User_Identification_From_Walking,13,pesl,categorical_crossentropy,ms_pesl,min,TRUE,"[' x acceleration', ' y acceleration', ' z acceleration']",32,100,20,32,-1,1,10,5,2,3,1,00:00:12,0.75,CNN_L,2024:01:14 23:22:34,72 seconds,6314365,00:00:21,0,0.08827173,0.014217937,0.10464765,0.06704123,0.053816946,0.009610656,0.065492963,0.040667607,0.5147619047619046,0.067115834,0.6285714285714286,0.44857142857142857,0.4852049713100571,0.076061903,0.5853226864032522,0.3866762257178597,0.5111090996708674,0.077064861,0.6475278783273103,0.4148485302442723,0.4732879178150999,0.071757357,0.5887982930315516,0.38684422998321605,0.086612724,0.01578346,0.10270371,0.063021325,0.055529812,0.010529359617456166,0.065917516,0.040778499,0.5281124497991968,0.068655908,0.6506024096385542,0.4457831325301205,0.4945544262613803,0.1117675283250467,0.6302197802197802,0.3341103341103341,0.5134081196581196,0.090513036,0.6615384615384616,0.3974358974358974,0.47340423547387506,0.090398731,0.5972559604138551,0.35334235334235325,0.07949745,0.015041862,0.094045125,0.059044074,0.047844208,0.009445103,0.058114419893880845,0.034581729,0.5542168674698795,0.080821734,0.6746987951807228,0.4578313253012048,0.5354632902709825,0.1066427324516925,0.675542406,0.39813519813519815,0.5639957264957265,0.091129535,0.6855769230769232,0.44358974358974357,0.5131052670263179,0.091590555,0.6214780261691016,0.3955135185904417
User_Identification_From_Walking,13,pesl,categorical_crossentropy,ms_pesl,min,TRUE,"[' x acceleration', ' y acceleration', ' z acceleration']",32,100,20,32,-1,1,10,5,2,3,1,00:00:13,0.75,CNN_L,2024:01:14 23:23:46,71 seconds,6838653,00:00:21,0,0.086739115,0.01258135,0.10362198,0.06730104,0.053743108,0.008410828,0.065796402,0.040756773,0.5353063343717549,0.059337867,0.6261682242990654,0.46417445482866043,0.4933743558122296,0.070306774,0.5905709221678761,0.39052313,0.5135653589660496,0.057399316,0.5847002254182535,0.4246562756922367,0.47291191713823943,0.058201827,0.555964786,0.38148573918927287,0.08454406,0.014767651,0.10222893,0.06055098,0.056002457963242276,0.009209445,0.067705715,0.041059158706217534,0.5767973856209151,0.072799573,0.7058823529411765,0.49019607843137253,0.5225684367803591,0.099586448,0.655241924,0.3461303653611346,0.5578347578347578,0.059762079,0.6301282051282051,0.4508547008547008,0.5079678704156029,0.077656627,0.6080709138455808,0.3694969090319181,0.078713596,0.013883478,0.09701311,0.055081278,0.048315637,0.008164222,0.060117881940960856,0.035589456,0.5718954248366014,0.08273849,0.7254901960784313,0.4803921568627451,0.5246592459478573,0.085656134,0.6744479251266582,0.3894282188399835,0.5573005698005699,0.071668359,0.6797008547008546,0.4423076923076923,0.5100768446990801,0.08376964,0.6569204346378259,0.375855478
User_Identification_From_Walking,13,pesl,categorical_crossentropy,ms_pesl,min,TRUE,"[' x acceleration', ' y acceleration', ' z acceleration']",32,100,20,32,-1,1,10,5,2,3,1,00:00:14,0.75,CNN_L,2024:01:14 23:24:55,69 seconds,7362941,00:00:21,0,0.08926592,0.009055612,0.10455288,0.07423811,0.054805983726677714,0.006178124,0.064115608,0.043910159,0.5146892655367231,0.048234825171732186,0.5728813559322034,0.43050847457627117,0.48310568442196483,0.043069117,0.5394532421086362,0.429393503,0.4896577339548162,0.062028933,0.5786538248076709,0.37464245156552844,0.46333890025506025,0.053322159956875115,0.5396078574314161,0.37668174962292605,0.09001695,0.010968846,0.11009378,0.074687704,0.058749438,0.007045747,0.071974809,0.050022492,0.5298245614035088,0.054244297662246685,0.6,0.4421052631578947,0.5053914402128262,0.084400837,0.5996891996891996,0.347092224,0.49989046900811607,0.066238447,0.5886051856640091,0.38394742512389574,0.47124689299184336,0.061424174,0.5619568709957726,0.38932342167636286,0.08313834,0.009269428,0.09877757,0.06791131,0.050126816,0.005953179,0.059911176,0.040256371678332126,0.5350877192982456,0.048396892,0.6105263157894737,0.45263157894736844,0.507264267,0.042445978840991175,0.5875784471938318,0.4522060715204528,0.5040723981900452,0.062596437,0.6153522947640594,0.4178302090066796,0.4761376710157912,0.051496431512611344,0.5676545676545677,0.4163693449407735
User_Identification_From_Walking,13,pesl,categorical_crossentropy,ms_pesl,min,TRUE,"[' x acceleration', ' y acceleration', ' z acceleration']",32,100,20,32,-1,1,10,5,2,3,1,00:00:15,0.75,CNN_L,2024:01:14 23:26:05,69 seconds,7887229,00:00:21,0,0.09121478,0.010164099,0.10672035,0.076345816,0.056103415,0.007326741,0.067301615,0.046324936,0.5055147058823529,0.043018895,0.5772058823529411,0.44485294117647056,0.4712106391132808,0.081050897,0.5976412158669778,0.3956353787473332,0.47482423726767614,0.06756948,0.578820584,0.3773987764372379,0.43333817201811303,0.064060302,0.5216694590644669,0.3577051513354158,0.09505559,0.010471975,0.109893315,0.0784472,0.065559441,0.006970714,0.0754662,0.054778555,0.4936868686868687,0.058586402818788796,0.6060606060606061,0.4166666666666667,0.45847922953011383,0.05431202,0.5490184655684722,0.40873359097043305,0.4676921717508762,0.056390598,0.5853051267221306,0.4091902834008097,0.418211251,0.051316496553616205,0.5249329939375189,0.3661881506061731,0.087854534,0.010978719,0.103543565,0.07188918,0.053606735,0.007785864,0.064813061,0.043379229,0.5176767676767676,0.048639798697621785,0.5984848484848485,0.45454545454545453,0.4591039303824516,0.10733009490785228,0.6383146265499207,0.32921873241022176,0.4799852318172156,0.076933554,0.5879636962228054,0.3519230769230769,0.42738544353790037,0.077570037,0.5355906742314124,0.31682289549441306
User_Identification_From_Walking,13,pesl,categorical_crossentropy,ms_pesl,min,TRUE,"[' x acceleration', ' y acceleration', ' z acceleration']",32,100,20,32,-1,1,10,5,2,3,1,00:00:03,0.75,CNN_L,2024:01:14 23:28:32,146 seconds,1595773,00:00:22,0,0.053980093,0.0144668,0.083197944,0.040934943,0.033549435,0.009680235,0.053160513992323584,0.024951719016213566,0.7122682190599395,0.067962794,0.7749029754204398,0.5769728331177232,0.7100480617313275,0.081988475,0.7674052038756936,0.5334575688154269,0.728055662,0.066918083,0.8037010277749965,0.5921465414322257,0.6872759439735777,0.074254316,0.7699204198750411,0.5408946739284421,0.038765684,0.014215015,0.063950844,0.022324214,0.024739824789134456,0.009091946,0.041597127,0.014434666801530705,0.7993827160493826,0.073622595,0.8888888888888888,0.6851851851851852,0.7905346967846968,0.085148324,0.9358974358974359,0.6637362637362637,0.815954416,0.059403588210806435,0.9042735042735044,0.7393162393162392,0.7790413105886252,0.076438601,0.9047070576482341,0.6700826950826951,0.037352324,0.01334786,0.062071677,0.021612618,0.023545615257580994,0.008345947,0.039717958599587495,0.015037994924919992,0.8055555555555555,0.072317127,0.9074074074074074,0.6851851851851852,0.7933328245828246,0.077543312,0.9166666666666666,0.6637362637362637,0.8246438746438747,0.05721905,0.8965811965811965,0.7393162393162392,0.7856626197994485,0.072657949,0.888061938,0.6700826950826951
User_Identification_From_Walking,13,pesl,categorical_crossentropy,ms_pesl,min,TRUE,"[' x acceleration', ' y acceleration', ' z acceleration']",32,100,20,32,-1,1,10,5,2,3,1,00:00:04,0.75,CNN_L,2024:01:14 23:30:31,118 seconds,2120061,00:00:22,0,0.060008634,0.015916148,0.09417468,0.045914426,0.03721699,0.010806608,0.060312226303947024,0.027466510606239336,0.6790177274048242,0.072231996,0.7401918047079338,0.5231037489102005,0.661059602,0.077732044,0.729285042,0.5161114609277733,0.6965637768645014,0.068069527,0.7436380850484414,0.5502091778113907,0.6493709364823582,0.072903268,0.7108784161772397,0.501436309,0.047375426,0.015374281,0.07870255,0.032087665,0.028870852139550197,0.009889651,0.049009163,0.019177498,0.7393939393939394,0.080403025,0.8181818181818182,0.5818181818181818,0.702569029,0.084639616,0.7948717948717948,0.5794871794871794,0.7393162393162394,0.063236312,0.8051282051282052,0.6076923076923078,0.6943433687338206,0.073188167,0.7875735375735377,0.5596736596736597,0.045238834,0.01479274,0.075331666,0.030614328,0.027379765,0.009515962,0.046929296,0.01770416,0.7484848484848485,0.076721145,0.8363636363636363,0.6,0.7150033008808908,0.06716271,0.8012820512820512,0.6153846153846154,0.7521367521367522,0.06227597,0.8307692307692308,0.6333333333333334,0.711672208,0.070845755,0.8080863580863581,0.5824175824175823
User_Identification_From_Walking,13,pesl,categorical_crossentropy,ms_pesl,min,TRUE,"[' x acceleration', ' y acceleration', ' z acceleration']",32,100,20,32,-1,1,10,5,2,3,1,00:00:05,0.75,CNN_L,2024:01:14 23:32:17,105 seconds,2644349,00:00:22,0,0.07070627,0.014166998,0.09370987,0.050674796,0.043948717223396085,0.009269583,0.059614511,0.031046507594632924,0.6231644640234949,0.070428394,0.723568282,0.5198237885462555,0.5987900929929011,0.079745207,0.7054452060941537,0.47964919195009564,0.6290833382067477,0.082068592,0.733296221,0.4983471629708448,0.58865186,0.081989561,0.7092195278605521,0.4680108169478325,0.058359604,0.01758018,0.07872404,0.02805029,0.036323283,0.011058187347588035,0.049342283,0.018256374167704217,0.6839080459770114,0.10036924825616654,0.8620689655172413,0.5689655172413793,0.6684947240868294,0.12040529786666315,0.8412698412698414,0.5175657675657676,0.7041666666666666,0.12231858267082588,0.9097902097902099,0.5192307692307692,0.6575040335332879,0.1172211031487253,0.8547877699818639,0.49728796844181467,0.055871803,0.01574234,0.07639806,0.030746737,0.034651646,0.009168549,0.047016295,0.020952817157229683,0.7011494252873564,0.094259882,0.8620689655172413,0.5862068965517241,0.6944063068810032,0.10733130542590616,0.8412698412698414,0.5388944388944389,0.7247766122766124,0.10939069475429353,0.9097902097902099,0.5769230769230769,0.6815194375309188,0.10576206323229437,0.8547877699818639,0.5342875185992596
User_Identification_From_Walking,13,pesl,categorical_crossentropy,ms_pesl,min,TRUE,"[' x acceleration', ' y acceleration', ' z acceleration']",32,100,20,32,-1,1,10,5,2,3,1,00:00:06,0.75,CNN_L,2024:01:14 23:33:52,94 seconds,3168637,00:00:22,0,0.07185783,0.011807296,0.0859726,0.05382098,0.044523556,0.007796202,0.05440389,0.032775162271908236,0.6150422785936804,0.057676628,0.7036048064085447,0.5540720961281709,0.5749661672864554,0.078241256,0.6974376412323882,0.48485591019904467,0.6356036370072564,0.062668446,0.7117572021445558,0.545481886,0.5797005431608859,0.067718552,0.6760376169562398,0.48645108492871986,0.060886323,0.01424479,0.07610593,0.040296946,0.038553821545023896,0.008776891,0.04747452,0.025408608986321597,0.6801075268817204,0.077024456,0.7903225806451613,0.5967741935483871,0.6492457977752096,0.084826635,0.7634865134865135,0.5385531135531136,0.7113636363636363,0.07109413,0.8123543123543122,0.6227272727272728,0.6531878001173183,0.075651849,0.7526894510172102,0.548134957,0.057687033,0.012965505,0.07327949,0.039955575,0.035736288,0.007661485,0.043639562993959255,0.025067237606205703,0.6908602150537635,0.076459477,0.7903225806451613,0.5806451612903226,0.6645135501753149,0.091199662,0.7763070263070263,0.5302197802197802,0.7289821289821289,0.067678786,0.8123543123543122,0.6163170163170163,0.6706007889361425,0.075368471,0.7723040506829607,0.557498773
User_Identification_From_Walking,13,pesl,categorical_crossentropy,ms_pesl,min,TRUE,"[' x acceleration', ' y acceleration', ' z acceleration']",32,100,20,32,-1,1,10,5,2,3,1,00:00:07,0.75,CNN_L,2024:01:14 23:35:23,91 seconds,3692925,00:00:22,0,0.07361096,0.008827007,0.09119722,0.06318682,0.044806671480157156,0.006162282,0.057368924,0.038290087,0.5943396226415094,0.038748638,0.649371069,0.5235849056603774,0.5564808577413095,0.039236723,0.623654753,0.5123303793910614,0.5907816030760505,0.041810213,0.6491899103099461,0.5226870281792623,0.551690578,0.032656226534995225,0.585322034,0.4958927314800006,0.0626735,0.010781119,0.07939769,0.04771395,0.039559591642924975,0.006517669,0.04944207,0.031071937321937325,0.6510416666666666,0.042949017,0.703125,0.578125,0.6375145572543762,0.052817972045957444,0.7076007326007325,0.5733155733155733,0.6648148148148149,0.045546192,0.7435897435897435,0.5935897435897436,0.6158195969716718,0.031838344162145975,0.6512654012654012,0.5580855042393504,0.0596147,0.009985457,0.076937966,0.047935545,0.035761145,0.005722282,0.045872873761654394,0.029074597,0.6640625,0.060347032,0.734375,0.5625,0.6315599998292306,0.049177185539866136,0.7239871239871238,0.5743006993006994,0.6754985754985755,0.053188487,0.7371794871794872,0.5743589743589743,0.6245967910397158,0.042943417,0.6925051781327086,0.5460539460539461
User_Identification_From_Walking,13,pesl,categorical_crossentropy,ms_pesl,min,TRUE,"[' x acceleration', ' y acceleration', ' z acceleration']",32,100,20,32,-1,1,10,5,2,3,1,00:00:08,0.75,CNN_L,2024:01:14 23:36:49,85 seconds,4217213,00:00:22,0,0.069735564,0.010696913,0.08613139,0.055139944,0.043156506,0.007332644,0.054673072501584714,0.033311723483755974,0.6256781193490054,0.047718135,0.6925858951175407,0.5569620253164557,0.6121296961631205,0.044939858,0.6590070270748561,0.5642376440300674,0.6242161194730343,0.048845111036687344,0.6837537896744444,0.5522131042539016,0.591099678,0.05244655,0.6551031728712078,0.5160703125573629,0.0600549,0.011540347,0.07800869,0.04527045,0.037149762200165436,0.007350876,0.04823201,0.02694634,0.6559139784946236,0.054031589360864996,0.7258064516129032,0.5806451612903226,0.6611591029533449,0.068138985,0.761200338,0.5556020066889632,0.6644522144522144,0.058723835306493874,0.7599067599067598,0.5687645687645687,0.6298893462628053,0.062016105,0.696535616,0.5261066233916912,0.057944786,0.010872047,0.074455716,0.042399112,0.034657901,0.007096563,0.044679044,0.025220260541566567,0.6720430107526881,0.054828167,0.7580645161290323,0.5806451612903226,0.6672434626176201,0.071970958,0.78585517,0.5658146201624462,0.6912587412587413,0.055450833,0.7599067599067598,0.6078088578088578,0.6483808342805827,0.064034358,0.7508964727536436,0.5572074983839689
User_Identification_From_Walking,13,pesl,categorical_crossentropy,ms_pesl,min,TRUE,"[' x acceleration', ' y acceleration', ' z acceleration']",32,100,20,32,-1,1,10,5,2,3,1,00:00:09,0.75,CNN_L,2024:01:14 23:38:12,82 seconds,4741501,00:00:22,0,0.08326243,0.013460171,0.10752132,0.06856853,0.050778926,0.009270351,0.067635277,0.040662905,0.5425240054869684,0.059429846426432016,0.6069958847736625,0.4382716049382716,0.5123187130380941,0.056509215,0.5869804275329328,0.4462551496826448,0.5272923492082805,0.050286017,0.5812648203120575,0.4440742304016838,0.4975989889514565,0.060698095,0.569470744,0.39783088071617495,0.07693605,0.014362805,0.10115835,0.05854441,0.048751687,0.009161401,0.064721098,0.037055780476833104,0.5855263157894738,0.06993517,0.6710526315789473,0.47368421052631576,0.5350530166109716,0.09787792,0.6769371653987039,0.4520216962524654,0.5569462588693357,0.07454219,0.6520991828684136,0.4333422987269141,0.5208829399911645,0.086394401,0.6417917170548749,0.3959659077306136,0.07152272,0.014096226,0.09665637,0.05451321,0.042871214,0.008609159,0.058350538,0.033024574,0.5964912280701754,0.082404799,0.6973684210526315,0.4605263157894737,0.5414014408804835,0.10890526973638019,0.6924159174159175,0.414957265,0.5772016445093368,0.085935404,0.6806373114065423,0.43875739644970413,0.5380336474272831,0.10090034269065076,0.6683411217938073,0.38603755510776383
User_Identification_From_Walking,13,pesl,categorical_crossentropy,ms_pesl,min,TRUE,"[' x acceleration', ' y acceleration', ' z acceleration']",32,100,20,32,-1,1,10,5,2,3,1,00:00:10,0.75,CNN_L,2024:01:14 23:39:33,80 seconds,5265789,00:00:22,0,0.08197714,0.010196561,0.10337064,0.072741255,0.050775075525343265,0.0070599,0.065402196,0.043648559,0.5605709876543209,0.044993567,0.5925925925925926,0.4652777777777778,0.5256513331745603,0.071838563,0.6299011925378315,0.41049884635561634,0.5691909822736206,0.061553105,0.6578176637975122,0.45726214087418104,0.5222481847679353,0.063245356,0.6106748131678337,0.4047226653052523,0.07569289,0.011189457,0.09663817,0.06370663,0.047787274453941125,0.007704218,0.062450142450142465,0.040037986704653375,0.5925925925925926,0.049894468,0.6419753086419753,0.5061728395061729,0.5529263030999209,0.10123406115748909,0.7046811032105148,0.39287509875745175,0.5906898656898657,0.061178871,0.6941391941391941,0.49633699633699635,0.5409352221400383,0.069842609,0.6534610982886845,0.42765416307310516,0.069838144,0.01140722,0.09132106,0.055931844,0.042809146292891155,0.007110842,0.056256415,0.034016435543646646,0.6193415637860082,0.061073341891587765,0.691358025,0.5061728395061729,0.5732818078519436,0.10409717960870425,0.7215811965811967,0.45880916469151767,0.619139194,0.06498475,0.7051282051282051,0.49725274725274726,0.5671935963701518,0.078722881,0.6718700103315489,0.4385243915189469
User_Identification_From_Walking,13,pesl,categorical_crossentropy,ms_pesl,min,TRUE,"[' x acceleration', ' y acceleration', ' z acceleration']",32,100,20,32,-1,1,10,5,2,3,1,00:00:11,0.75,CNN_L,2024:01:14 23:40:51,78 seconds,5790077,00:00:22,0,0.07975361,0.011781431,0.093211815,0.06273164,0.049374789,0.008063808,0.05990492,0.037842968,0.5721649484536081,0.053918774,0.6494845360824743,0.5154639175257731,0.5320838012147312,0.078092827,0.6572703866702437,0.4231555398610636,0.55811859,0.065384204,0.6636210242828532,0.4722218013632903,0.5236305347499609,0.066900169,0.629950218,0.4370990417077689,0.07368288,0.014551872,0.089375414,0.05280079,0.047877493,0.009737892,0.058803419,0.033076923,0.6180555555555555,0.079280295,0.7361111111111112,0.5555555555555556,0.5969110859900333,0.10190766868300649,0.7316568047337279,0.4505128205128205,0.6227787170094862,0.084971991,0.7563257255564948,0.5138067061143984,0.5777742972077351,0.088984107,0.7080948978781796,0.4723732407942934,0.070447415,0.013441632,0.08778043,0.050373025,0.043491465,0.008599686,0.055236052,0.030649157175343937,0.6203703703703703,0.068824392,0.7222222222222222,0.5416666666666666,0.5999845652173588,0.12904682385737795,0.8034382284382284,0.44627594627594624,0.6350591715976331,0.087959813,0.7590729783037475,0.4940828402366864,0.587653115,0.095486271,0.7184032442653133,0.4633136094674556
User_Identification_From_Walking,13,pesl,categorical_crossentropy,ms_pesl,min,TRUE,"[' x acceleration', ' y acceleration', ' z acceleration']",32,100,20,32,-1,1,10,5,2,3,1,00:00:12,0.75,CNN_L,2024:01:14 23:42:06,74 seconds,6314365,00:00:22,0,0.08488228,0.012365652,0.10311661,0.06883125,0.052625304,0.008525142,0.065584895,0.042051874298462896,0.5457142857142857,0.054510812,0.6228571428571429,0.4714285714285714,0.532786645,0.044728621,0.6092211893765895,0.478062026,0.5567735201343877,0.049499731566133943,0.607205547,0.46667114394285963,0.5214555957856393,0.040674094841073406,0.5707386004894172,0.4567344109666976,0.07890883,0.013930357,0.09673308,0.059875604,0.051533055298115533,0.009180401,0.06336886,0.040199259,0.572289157,0.057255331,0.6626506024096386,0.4939759036144578,0.5382601560879644,0.051103942,0.6194526627218936,0.47964644051600575,0.5830662393162392,0.052906437,0.6378205128205129,0.49102564102564106,0.5368233669325706,0.039996386,0.592559633,0.4919627007019907,0.077036016,0.013725892,0.0949725,0.059955988,0.046380851,0.008722037,0.058470207,0.036857673236002836,0.568273092,0.073423716,0.6746987951807228,0.4578313253012048,0.5567127821483026,0.058561758,0.6547785547785547,0.48114552114552117,0.5855769230769231,0.069453977,0.6480769230769231,0.4525641025641026,0.5426965001920613,0.05715906,0.6046726777496008,0.4448076964271296
User_Identification_From_Walking,13,pesl,categorical_crossentropy,ms_pesl,min,TRUE,"[' x acceleration', ' y acceleration', ' z acceleration']",32,100,20,32,-1,1,10,5,2,3,1,00:00:13,0.75,CNN_L,2024:01:14 23:43:20,74 seconds,6838653,00:00:22,0,0.08643117,0.014389683,0.11151331,0.06777841,0.053545766,0.009672166,0.07081211,0.041234145,0.5368639667705087,0.067816166,0.6261682242990654,0.42679127725856697,0.5277855246504745,0.038296781474778566,0.5752904838637003,0.46787187001543934,0.5066271735329845,0.067631436,0.5948516313275779,0.39385284841643503,0.4868188750064699,0.056832843,0.5634587174980015,0.4021390182114425,0.085160695,0.015525443,0.11358628,0.06685488,0.055806938,0.010159046240249643,0.073906486,0.044578515,0.5620915032679737,0.072854565,0.6666666666666666,0.4411764705882353,0.5804109385875237,0.059861524468073087,0.660905255,0.5161316753422016,0.5437321937321936,0.068630965,0.635042735,0.41794871794871796,0.519197153,0.053519108,0.6005819317969914,0.43184843060408673,0.07882215,0.014234792,0.10469892,0.060410775,0.048076121,0.009502106,0.065019141,0.036742132,0.5669934640522875,0.068957346,0.6666666666666666,0.4411764705882353,0.5607755920395834,0.056680032,0.6578105520210784,0.5005827505827505,0.534116809,0.065842099,0.6408119658119656,0.41794871794871796,0.510371072,0.05205915,0.604475124,0.4273137830830139
User_Identification_From_Walking,13,pesl,categorical_crossentropy,ms_pesl,min,TRUE,"[' x acceleration', ' y acceleration', ' z acceleration']",32,100,20,32,-1,1,10,5,2,3,1,00:00:14,0.75,CNN_L,2024:01:14 23:44:31,70 seconds,7362941,00:00:22,0,0.090294205,0.01636679,0.11772055,0.068883575,0.056115086,0.010488950421916242,0.073672803,0.042647499,0.5186440677966102,0.083699759,0.6305084745762712,0.37966101694915255,0.4711671138843143,0.10412504191884416,0.6070169898719132,0.30156761591771086,0.49983243252474024,0.092186722,0.6099084676007753,0.3466238889315812,0.46025241022031693,0.095025476,0.5876686418501592,0.30117932834881095,0.08860516,0.018874826,0.11971349,0.06468044,0.058209627,0.012152855531908417,0.079352227,0.043004948268106157,0.531578947,0.09756973,0.6526315789473685,0.35789473684210527,0.5046288549398449,0.12308954054217061,0.635802659,0.2764305586886232,0.5272103713280184,0.11646043360893853,0.6606047547224018,0.3163075486604899,0.48224015754546795,0.11921709658138653,0.625001435,0.2624317203264571,0.0829252,0.016319267,0.11003681,0.06176946,0.050661101407975175,0.01026683,0.068180683,0.037851675160854345,0.5456140350877193,0.086250867,0.6631578947368421,0.4105263157894737,0.5300520264886781,0.083463908,0.6527613412228797,0.40998168498168497,0.5418941080705786,0.10430876494283238,0.6759893701070172,0.36753573224161457,0.5025889313335764,0.10068927386461893,0.6330899587178493,0.33331405436668593
User_Identification_From_Walking,13,pesl,categorical_crossentropy,ms_pesl,min,TRUE,"[' x acceleration', ' y acceleration', ' z acceleration']",32,100,20,32,-1,1,10,5,2,3,1,00:00:15,0.75,CNN_L,2024:01:14 23:45:41,69 seconds,7887229,00:00:22,0,0.08879581,0.011014633,0.109930165,0.07856755,0.054554603570865993,0.007708755,0.069206179,0.047502462517514624,0.5177696078431373,0.047719430079503786,0.5625,0.4264705882352941,0.47039533264060257,0.071536632,0.5799906587827107,0.3923713660899649,0.49265514734971744,0.082502831,0.61530215,0.3850054545755904,0.4588789796299176,0.072519657,0.5592846806832732,0.37247253055721685,0.090617724,0.011417404,0.11359154,0.078111,0.062645688,0.007727399,0.078088578,0.053904429,0.5164141414141414,0.074921736,0.6060606060606061,0.3787878787878788,0.4548301429733072,0.054819208726144306,0.5492502192767444,0.3802689015358699,0.48747943576890945,0.091848842,0.6224339695392327,0.3834046655099287,0.43985633741712676,0.073477664,0.5369518527013782,0.34633895377997015,0.084445976,0.011534538,0.10628836,0.07272147,0.051542969,0.007754816,0.066482015,0.043673591,0.5366161616161617,0.055913106,0.5984848484848485,0.4393939393939394,0.49406271919449746,0.081403478,0.6112775306967684,0.407360611,0.5075226527858107,0.086099965,0.6331868131868131,0.39338442259494893,0.4752272684165586,0.078509382,0.5847531553413906,0.37914484759113914
User_Identification_From_Walking,13,pesl,categorical_crossentropy,ms_pesl,min,TRUE,"[' x acceleration', ' y acceleration', ' z acceleration']",32,100,20,32,-1,1,10,5,2,3,1,00:00:16,0.75,CNN_L,2024:01:14 23:46:51,69 seconds,8411517,00:00:22,0,0.094895475,0.012743351,0.11021908,0.08045119,0.058129560763489296,0.008333028,0.069523983,0.048851586,0.4822134387351779,0.064018607,0.5573122529644269,0.4031620553359684,0.4878625870960582,0.039047716,0.5363147518286497,0.42537989056244635,0.46857681061628437,0.065626287,0.5658119658119658,0.37484601543305995,0.43135292900006145,0.054664119400986755,0.49881507894921406,0.3545717040063445,0.09913232,0.013121059,0.11397691,0.082363054,0.068496691,0.008835717,0.078473945,0.058312655,0.49327956989247307,0.061667042,0.5645161290322581,0.4112903225806452,0.4951006697121281,0.061221725,0.5793703120835607,0.37632396842923155,0.4767616642616643,0.064857873,0.5506660006660007,0.3735153735153735,0.43698959016592004,0.050840655991184286,0.4914795616300405,0.3482355965328102,0.091356486,0.013063689,0.10809129,0.07461625,0.055471776621299006,0.008211642,0.066307112,0.04598484,0.4946236559139785,0.077024456,0.5967741935483871,0.3709677419354839,0.46619365178715694,0.097663571,0.5769764957264958,0.2987619406737054,0.48462093462093464,0.091538943,0.5826950826950826,0.3524642024642024,0.43417155238784716,0.091188179,0.5288770099296415,0.29719973009446693
User_Identification_From_Walking,13,pesl,categorical_crossentropy,ms_pesl,min,TRUE,"[' x acceleration', ' y acceleration', ' z acceleration']",32,100,20,32,-1,1,10,5,2,3,1,00:00:03,0.75,CNN_L,2024:01:14 23:49:17,146 seconds,1595773,00:00:23,0,0.05631667,0.014068759,0.08532754,0.041484073,0.034913853148384306,0.009203959,0.053820386,0.025408994277407653,0.6985769728331177,0.068635191,0.7736093143596378,0.556274256,0.6977078810626155,0.082692204,0.7737217913127634,0.5205738850210665,0.7177494481824009,0.067369268,0.7888513334469436,0.5766199077977362,0.6733091549053691,0.069846905,0.7596257750885906,0.5353861907588071,0.043505933,0.014463599,0.06917682,0.022466417,0.026892368297876373,0.009839691,0.044597852,0.014273423105331936,0.7628205128205128,0.075847177,0.8846153846153846,0.6346153846153846,0.7495121980416098,0.055369157,0.8298534798534798,0.6743589743589743,0.7864672364672365,0.048455877,0.864102564,0.7222222222222222,0.7411495820075243,0.055789250152568824,0.8366718077244393,0.6645798645798646,0.041904684,0.013099832,0.06507394,0.021979121,0.025518701706259306,0.008629001,0.041860469538566675,0.015151629880229138,0.7692307692307692,0.070220841,0.9038461538461539,0.6730769230769231,0.7551211724005841,0.045522923,0.8390109890109889,0.7051282051282051,0.7983618233618234,0.047158796834685456,0.8897435897435897,0.741025641,0.7483439972788628,0.052918531,0.8578839289365606,0.7
User_Identification_From_Walking,13,pesl,categorical_crossentropy,ms_pesl,min,TRUE,"[' x acceleration', ' y acceleration', ' z acceleration']",32,100,20,32,-1,1,10,5,2,3,1,00:00:04,0.75,CNN_L,2024:01:14 23:51:18,120 seconds,2120061,00:00:23,0,0.058063865,0.010140236,0.07557069,0.04624834,0.036128585,0.006684827,0.047589274350049886,0.028233760231181213,0.6910781749491427,0.049127385,0.7462946817785527,0.6059285091543156,0.6704946057122987,0.080057866,0.7645172826397564,0.5216670619819741,0.6988427457208529,0.046420393555555044,0.7660753193116064,0.6147256668468609,0.6545248749742121,0.058656486,0.7235123077463731,0.5416571370758744,0.0457899,0.011290821,0.05838644,0.029277425,0.02849359,0.006729262,0.036538461538461534,0.019593195266272193,0.7467948717948718,0.080384206,0.8653846153846154,0.6346153846153846,0.7162377096587624,0.082444627,0.8493589743589743,0.6252747252747254,0.7662393162393162,0.051226822,0.8401709401709401,0.6965811965811965,0.7148971590624366,0.070440782,0.8242646242646242,0.6389286826533791,0.04345372,0.010019637,0.05570703,0.02869867,0.027067737,0.005721569,0.035224554,0.019140179,0.7692307692307693,0.062807429,0.8653846153846154,0.7115384615384616,0.7273418832629358,0.071102156,0.8333333333333334,0.6361305361305362,0.7876068376068376,0.046727338121153136,0.8658119658119657,0.7333333333333333,0.7335619009737848,0.059003786,0.8153297682709449,0.6698717948717949
User_Identification_From_Walking,13,pesl,categorical_crossentropy,ms_pesl,min,TRUE,"[' x acceleration', ' y acceleration', ' z acceleration']",32,100,20,32,-1,1,10,5,2,3,1,00:00:05,0.75,CNN_L,2024:01:14 23:53:04,106 seconds,2644349,00:00:23,0,0.06659332,0.012033069,0.08692776,0.050745986,0.041412806519695505,0.007872138,0.054552816,0.031274102,0.6453744493392071,0.058859775,0.7257709251101322,0.5440528634361234,0.6307612442595786,0.064278355,0.7272737288278405,0.5148790596747443,0.6595523423164317,0.049225204355122246,0.7233553578456777,0.5757552567687914,0.6143623438954345,0.056233201,0.6949427969223029,0.5217094164395847,0.053877313,0.014913453,0.07072477,0.030480428,0.033651386,0.008968033,0.044904429,0.020152292152292153,0.7090909090909091,0.093301844,0.8545454545454545,0.6,0.7052646305935779,0.1095088196991251,0.9076923076923078,0.6036630036630036,0.7373931623931624,0.089015412,0.8897435897435897,0.6192307692307693,0.6896518566541601,0.10603394413312194,0.8774336774336773,0.587207664,0.050571244,0.013960494,0.068117514,0.028212283,0.031421162117866594,0.007814251,0.042297177358980725,0.019175167898631523,0.7303030303030303,0.087459816,0.8727272727272727,0.6363636363636364,0.7130558899789669,0.11160399100089792,0.9145299145299146,0.6162017469709777,0.7512820512820513,0.083586073,0.8974358974358974,0.6461538461538461,0.7039921450525166,0.10412919363367341,0.8878660555131143,0.6086619263089852
User_Identification_From_Walking,13,pesl,categorical_crossentropy,ms_pesl,min,TRUE,"[' x acceleration', ' y acceleration', ' z acceleration']",32,100,20,32,-1,1,10,5,2,3,1,00:00:06,0.75,CNN_L,2024:01:14 23:54:40,95 seconds,3168637,00:00:23,0,0.062248725,0.015959835,0.088185616,0.040514246,0.038801293,0.010407108923084222,0.055858486,0.024208481769179106,0.6697819314641745,0.078642101,0.7703604806408545,0.5447263017356475,0.6386712857918114,0.082188278,0.7303032595982645,0.5167612221059024,0.6657012396654536,0.056512091,0.7401072165633066,0.5652307353049377,0.6248312723691286,0.068792484,0.7182152831404061,0.5111740818720226,0.050062764,0.018814433,0.07825675,0.024576975,0.032207477,0.012121271397215763,0.050850952,0.015856950067476384,0.7309941520467836,0.086936075,0.8596491228070176,0.5964912280701754,0.6906030279512061,0.10242758446000758,0.8435474781628627,0.5091575091575092,0.716919192,0.061882017643637925,0.8233100233100233,0.6153846153846153,0.6798584589570315,0.08667265,0.815944071,0.5317215300492893,0.04872042,0.016789956,0.07532567,0.027268263,0.029827031,0.010461397432674047,0.046674157,0.014811084815987505,0.7339181286549707,0.091954299,0.8421052631578947,0.5964912280701754,0.7016614140095921,0.11432004709886938,0.8328338328338328,0.5091575091575092,0.7254467754467754,0.067150592,0.8160839160839161,0.6153846153846153,0.6852721478341744,0.093876453,0.8083685545224006,0.5317215300492893
User_Identification_From_Walking,13,pesl,categorical_crossentropy,ms_pesl,min,TRUE,"[' x acceleration', ' y acceleration', ' z acceleration']",32,100,20,32,-1,1,10,5,2,3,1,00:00:07,0.75,CNN_L,2024:01:14 23:56:10,90 seconds,3692925,00:00:23,0,0.07059577,0.013418747,0.09734413,0.05413036,0.043335899,0.009019679,0.061841162,0.032806259378798275,0.6160901467505241,0.063605871,0.699685535,0.5,0.5747698312087383,0.052125975743087985,0.6439656380007257,0.4856645106793033,0.6136105787525448,0.05747127,0.6761975125977291,0.5029656404442711,0.5661341132128538,0.055135512589040564,0.6422311171194761,0.46513733336408464,0.05945258,0.015490223,0.087634176,0.039267104,0.037444894,0.010108321560369818,0.056491228,0.024318488529014845,0.6783625730994153,0.083933919,0.7894736842105263,0.543859649,0.6636039886039886,0.083287721,0.7875457875457875,0.5638278388278388,0.6823426573426573,0.068313872,0.7804195804195804,0.5692307692307692,0.644121324,0.078132715,0.751311886,0.5262293262293263,0.056996804,0.014027308,0.08261953,0.038552828,0.034989123166264076,0.008985581,0.052722302,0.023604212471509522,0.6900584795321638,0.077581866,0.7894736842105263,0.5789473684210527,0.6661553724053725,0.056403357,0.7595238095238095,0.5893162393162392,0.6995337995337995,0.050895270942540594,0.7804195804195804,0.6461538461538462,0.6564915413897315,0.056160682995949784,0.751311886,0.5945490407028868
User_Identification_From_Walking,13,pesl,categorical_crossentropy,ms_pesl,min,TRUE,"[' x acceleration', ' y acceleration', ' z acceleration']",32,100,20,32,-1,1,10,5,2,3,1,00:00:08,0.75,CNN_L,2024:01:14 23:57:35,84 seconds,4217213,00:00:23,0,0.073703386,0.01613781,0.100001775,0.05219095,0.045326695725000234,0.010141045722219454,0.062251792,0.032160340752671566,0.6003616636528029,0.084804793,0.7179023508137432,0.46835443037974683,0.5731443812411935,0.097514896,0.6991410476580882,0.4265688308674734,0.5976783936773082,0.078787021,0.7178535518645893,0.47666734192772764,0.5535302741993657,0.093950189,0.6883905798562606,0.41530044847189374,0.06363532,0.018497929,0.09303719,0.038613643,0.040348428453267166,0.011786550897857564,0.059824752,0.026015819,0.6586021505376344,0.090961959,0.8064516129032258,0.532258065,0.6175585872984063,0.09959105,0.7597069597069598,0.4423076923076923,0.670143745,0.077057681,0.7727272727272727,0.5396270396270396,0.6114440257191655,0.0889524,0.7399469460110193,0.46593406593406594,0.061555106,0.016662022,0.08868217,0.04010869,0.037122963,0.009978372,0.053179211,0.024882511,0.6559139784946236,0.095723085,0.7903225806451613,0.5,0.6003004427346532,0.12389145036275188,0.7746642246642247,0.39724310776942356,0.6637852887852888,0.077517954,0.7604895104895105,0.5216783216783216,0.600122776,0.10331890193885408,0.7359135181385821,0.4155114116652578
User_Identification_From_Walking,13,pesl,categorical_crossentropy,ms_pesl,min,TRUE,"[' x acceleration', ' y acceleration', ' z acceleration']",32,100,20,32,-1,1,10,5,2,3,1,00:00:09,0.75,CNN_L,2024:01:14 23:58:59,83 seconds,4741501,00:00:23,0,0.077089675,0.012181788,0.09947826,0.06279918,0.047114269884660685,0.008545547,0.062222071,0.036354585,0.5778463648834019,0.052491545103825026,0.6337448559670782,0.47530864197530864,0.5591438676872863,0.044209314,0.6049645048860011,0.49409749633008604,0.5831853917334185,0.036786264,0.6310533781218234,0.5174923165761511,0.5438903029427528,0.036702531,0.5979791323987054,0.48276034281703706,0.06922505,0.015738025,0.09414478,0.046955522,0.042884151,0.00953548,0.058641819,0.029776675,0.6155913978494624,0.083506584,0.7419354838709677,0.4838709677419355,0.5706816645730672,0.081354,0.7149677245831091,0.4841090282266753,0.6200077700077699,0.049940588,0.6812354312354312,0.5466200466200466,0.566452717,0.063518564,0.667965368,0.4819334511642204,0.06534097,0.014763431,0.08846698,0.043255407,0.039000073,0.008212606,0.052964027,0.028367069579962052,0.6290322580645161,0.095420642,0.7903225806451613,0.5,0.5687680553065169,0.09536281,0.7512397858551705,0.4832112332112332,0.6301735301735302,0.06073487,0.7138694638694639,0.5551670551670551,0.5744323983033424,0.081495448,0.7140716741843304,0.4851510313048775
User_Identification_From_Walking,13,pesl,categorical_crossentropy,ms_pesl,min,TRUE,"[' x acceleration', ' y acceleration', ' z acceleration']",32,100,20,32,-1,1,10,5,2,3,1,00:00:10,0.75,CNN_L,2024:01:15 00:00:18,79 seconds,5265789,00:00:23,0,0.0754849,0.009217107,0.089099586,0.060017552,0.046775716191852335,0.006214378,0.057212673,0.036842007,0.595679012,0.047433311,0.6736111111111112,0.5509259259259259,0.5699739133820357,0.051846273,0.6314297675633708,0.4758144629975265,0.6008451194038172,0.044643599,0.676534057,0.5298759611235798,0.5541573064385942,0.04322938,0.6280800352650223,0.48141079073706167,0.06659504,0.012668251,0.084631085,0.04532564,0.042926394,0.007534214,0.053897181,0.030488582727388695,0.6492537313432836,0.076469782,0.7910447761194029,0.5522388059701493,0.619443793,0.063207732,0.7371461871461871,0.5486360131096973,0.6536489151873767,0.064182068,0.7776134122287969,0.5717948717948718,0.5961834096570074,0.061514374,0.7271019129318724,0.5489151873767258,0.06425994,0.01089068,0.078842774,0.044744134,0.039178248,0.006727329,0.050228442,0.027787496,0.6467661691542289,0.063712679,0.7611940298507462,0.582089552,0.6273835791831147,0.053732462,0.7352231102231102,0.5740501328736622,0.6635108481262327,0.062064396,0.7657790927021696,0.5857001972386587,0.6060935828555349,0.055431142,0.7141815000114595,0.5463701542252853
User_Identification_From_Walking,13,pesl,categorical_crossentropy,ms_pesl,min,TRUE,"[' x acceleration', ' y acceleration', ' z acceleration']",32,100,20,32,-1,1,10,5,2,3,1,00:00:11,0.75,CNN_L,2024:01:15 00:01:36,77 seconds,5790077,00:00:23,0,0.078743994,0.01291583,0.096191846,0.059305053,0.048548181690461795,0.0083035,0.061054902,0.036795451,0.5747422680412371,0.066927652,0.6829896907216495,0.49742268041237114,0.548287045,0.073614096,0.6624842675540628,0.4709069765490429,0.5639845830470124,0.058290273,0.6705604097430569,0.5064652739550014,0.5309978451759801,0.068465374,0.6511906142173992,0.45767193227181263,0.0731361,0.0168342,0.09554241,0.046633795,0.046837607,0.010269815551022203,0.061025641025641036,0.030854700854700854,0.6087962962962963,0.080753535,0.7222222222222222,0.5138888888888888,0.580760945,0.082808939,0.7141608391608391,0.4685993830730673,0.6056494787264018,0.07307673,0.7209072978303748,0.5236686390532544,0.5571135697904395,0.078141758,0.6835164835164835,0.46963179219217194,0.06930009,0.014026354,0.09018171,0.047848515,0.042508506,0.008145036,0.05566494,0.031083229787235305,0.6226851851851852,0.086519591,0.7638888888888888,0.5138888888888888,0.6313213140136217,0.089835347,0.773135198,0.49038461538461536,0.6431130834976989,0.076529468,0.7712031558185404,0.5236686390532544,0.599952314,0.085697734,0.7499763677183032,0.47862704097521913
User_Identification_From_Walking,13,pesl,categorical_crossentropy,ms_pesl,min,TRUE,"[' x acceleration', ' y acceleration', ' z acceleration']",32,100,20,32,-1,1,10,5,2,3,1,00:00:12,0.75,CNN_L,2024:01:15 00:02:50,74 seconds,6314365,00:00:23,0,0.08506981,0.01342114,0.10020824,0.06349073,0.05254234,0.009039777,0.061865049,0.037928605485516936,0.541904762,0.062719908,0.64,0.46,0.5153684244012503,0.082342728,0.6183308237656064,0.3985649096551039,0.5406578718996372,0.049224396,0.5981761582665499,0.46955747410355475,0.5057782137776021,0.061359603,0.5895368015119682,0.42467008903009285,0.08017128,0.01549016,0.103282966,0.05836958,0.052652919,0.009977455,0.066496756,0.038693234,0.5742971887550201,0.074810988,0.6867469879518072,0.4457831325301205,0.5500262550168725,0.099602785,0.6670768899275686,0.3688292100056806,0.579861111,0.076010978,0.6439102564102565,0.4269230769230769,0.538715243,0.081333613,0.64351353,0.3878819421538952,0.07671977,0.015491729,0.09675416,0.052566763,0.046920101505849625,0.009438817,0.057401486,0.032890423,0.5803212851405622,0.088102052,0.7228915662650602,0.4457831325301205,0.5670494881795193,0.10104940124327379,0.6910256410256411,0.40612720612720615,0.5942307692307692,0.079736006,0.6791666666666666,0.4474358974358974,0.557951591,0.084802777,0.6727050138190721,0.4170361801940749
User_Identification_From_Walking,13,pesl,categorical_crossentropy,ms_pesl,min,TRUE,"[' x acceleration', ' y acceleration', ' z acceleration']",32,100,20,32,-1,1,10,5,2,3,1,00:00:13,0.75,CNN_L,2024:01:15 00:04:03,73 seconds,6838653,00:00:23,0,0.08173024,0.014646268,0.10042294,0.055909343,0.05035639,0.00978955,0.062818567,0.033567913,0.5581516095534788,0.069529674,0.6853582554517134,0.470404984,0.5247702828446245,0.049916432,0.6242577177242743,0.4605909680991385,0.5491807831963226,0.058474686,0.6452761842824953,0.45802314730333304,0.5019159590108188,0.061023589,0.6181689475361646,0.42640864015916563,0.077403195,0.014586077,0.094061434,0.048748445,0.050775978407557355,0.010034276468113525,0.061361336032388684,0.030996963562753038,0.587719298,0.06865121,0.6842105263157895,0.47368421052631576,0.5376387458622359,0.089320094,0.6510989010989012,0.39245852187028657,0.5992701742701743,0.069254621,0.6783882783882783,0.4784382284382284,0.5281858961965348,0.076142177,0.628065982,0.4009324009324009,0.07371811,0.015250146,0.092969276,0.046787225,0.044599455,0.009776465,0.05653203,0.027167167,0.5899122807017544,0.077997453,0.7236842105263158,0.4868421052631579,0.5338499731615673,0.086422783,0.6729131979131979,0.4177350427350427,0.5947274947274948,0.075831679,0.6857142857142857,0.4647019647019647,0.5363063822082597,0.082797476,0.6610030994646379,0.4138542616803487
User_Identification_From_Walking,13,pesl,categorical_crossentropy,ms_pesl,min,TRUE,"[' x acceleration', ' y acceleration', ' z acceleration']",32,100,20,32,-1,1,10,5,2,3,1,00:00:14,0.75,CNN_L,2024:01:15 00:05:14,70 seconds,7362941,00:00:23,0,0.08992993,0.016205491,0.10559522,0.059835646,0.055269407,0.010768471663704343,0.066120742,0.035765847,0.511864407,0.078162367,0.6610169491525424,0.43389830508474575,0.4725023438044293,0.091712747,0.6384510738033243,0.36948077313661815,0.4859447532524457,0.091207256,0.6286632171247556,0.3775668775668776,0.4559409097518157,0.092736621,0.6164268201175852,0.3583113483420055,0.09269756,0.018410493,0.114315376,0.06141389,0.060308892,0.011695175896382552,0.073954116,0.040485829959514164,0.5157894736842106,0.086161608,0.6842105263157895,0.43157894736842106,0.4977591007975893,0.10694847714995116,0.6747086247086247,0.3654863654863654,0.4947712418300653,0.10373669065546376,0.6500969618616678,0.3785606550312433,0.4659119062700377,0.10610132417333636,0.6422773305126246,0.366166377,0.08391432,0.017222341,0.10147967,0.05355472,0.050653656,0.010815285336873648,0.061865842312520916,0.031879230983202854,0.531578947,0.091514395,0.6947368421052632,0.4421052631578947,0.5084948217056492,0.11410310139291159,0.6907038305823731,0.3411162911162911,0.5024581627522803,0.11636327309283492,0.6626660920778568,0.3766214177978883,0.4744758957964446,0.11337892073419407,0.650945251,0.3549150549920768
User_Identification_From_Walking,13,pesl,categorical_crossentropy,ms_pesl,min,TRUE,"[' x acceleration', ' y acceleration', ' z acceleration']",32,100,20,32,-1,1,10,5,2,3,1,00:00:15,0.75,CNN_L,2024:01:15 00:06:26,72 seconds,7887229,00:00:23,0,0.089147836,0.012013791,0.11073742,0.07663004,0.054776095,0.008122525,0.069491328,0.045826003079494255,0.5159313725490197,0.058387888,0.5845588235294118,0.41911764705882354,0.45202042565130923,0.047155903,0.5395392962270115,0.3848424405061647,0.4865916093291658,0.063121162,0.5786925178893504,0.3936208022746483,0.4454044263745547,0.053883449,0.5314547322842704,0.3653325849064738,0.08676011,0.01118744,0.10721118,0.076938026,0.057174307,0.007519654,0.070901321,0.0503108,0.5530303030303031,0.06107771,0.625,0.45454545454545453,0.4607037854160616,0.058864521,0.5872816796729841,0.41544835883071174,0.5145548456068818,0.057683161872286726,0.6032051282051282,0.4336432797971259,0.46254472350612214,0.057197375,0.564918415,0.3968121123727531,0.08061018,0.012762527,0.104086466,0.06892263,0.049410612,0.008017246,0.063742192,0.041488526,0.5606060606060607,0.067441264,0.6136363636363636,0.4318181818181818,0.47111940521551504,0.080486026,0.6109233158146201,0.33764440687517605,0.5184072840181437,0.067266695,0.6185897435897435,0.3970132431670893,0.4692537290539183,0.069230344,0.5709249258015862,0.3396207657077222
User_Identification_From_Walking,13,pesl,categorical_crossentropy,ms_pesl,min,TRUE,"[' x acceleration', ' y acceleration', ' z acceleration']",32,100,20,32,-1,1,10,5,2,3,1,00:00:16,0.75,CNN_L,2024:01:15 00:07:35,69 seconds,8411517,00:00:23,0,0.09029699,0.01625192,0.113998875,0.06451378,0.055589214,0.010668037617882705,0.071339191,0.039254759,0.5111989459815547,0.080347305,0.6442687747035574,0.39920948616600793,0.49134850099036625,0.081749074,0.5723642935747008,0.3830101145073922,0.4788553958037764,0.065964026,0.5650013841309388,0.39400887573964494,0.4498242869290961,0.075336784,0.5522311081448638,0.35577964073258994,0.093545206,0.018770345,0.11967934,0.060865622,0.064722911,0.012290952110598491,0.081885856,0.043114144,0.5080645161290323,0.080779458,0.6532258064516129,0.4032258064516129,0.5027731756144941,0.093396693,0.6448278501684074,0.36167071262830497,0.47772875272875276,0.068144024,0.5702269952269952,0.381032856,0.440976489,0.073214207,0.5567450731609542,0.34440942178078093,0.087752976,0.015558541,0.10910512,0.060674243,0.052918079209705045,0.010739960069170692,0.068448507,0.035478595,0.5094086021505376,0.070522901,0.6451612903225806,0.4274193548387097,0.4835416185083652,0.085975681,0.6188076378121626,0.36870731607573715,0.47213573463573466,0.071922619,0.591003441,0.3756521256521257,0.4376722580942825,0.081503954,0.5838268637738133,0.33232593158151474
User_Identification_From_Walking,13,pesl,categorical_crossentropy,ms_pesl,min,TRUE,"[' x acceleration', ' y acceleration', ' z acceleration']",32,100,20,32,-1,1,10,5,2,3,1,00:00:17,0.75,CNN_L,2024:01:15 00:08:45,69 seconds,8935805,00:00:23,0,0.09840437,0.015653905,0.12477197,0.08176641,0.060081317,0.010115786345855797,0.078542579,0.049738212,0.46028368794326235,0.080941221,0.54893617,0.34893617021276596,0.3769537764310571,0.074621052,0.5176431338085474,0.28387007912346457,0.4039413556037597,0.088056527,0.5445690427787613,0.2713218154394625,0.35951942049574354,0.077121438,0.47634085822243927,0.23923743474611964,0.102317564,0.017675135,0.13022943,0.08294405,0.07034413,0.011948512865698226,0.08974359,0.05802969,0.46052631578947373,0.089277103,0.5701754385964912,0.3508771929824561,0.3306385792763707,0.070955845,0.38476669529301105,0.18064353946706888,0.3938660468072233,0.082850992,0.5048562548562548,0.26409538174244057,0.340522998,0.074944395,0.4045667220300751,0.1960216929790966,0.09401619,0.01699996,0.12298159,0.07662273,0.056852272474507005,0.010145059052641976,0.075644309,0.046725495116573625,0.4766081871345029,0.099329168,0.5789473684210527,0.3333333333333333,0.38994928359307357,0.10081851080941091,0.5338307827438262,0.2710818870737899,0.4225972284795814,0.095239591,0.5764758117699295,0.28441786971198735,0.37256145673181607,0.088402822,0.510236039,0.24820992212296555
User_Identification_From_Walking,13,pesl,categorical_crossentropy,ms_pesl,min,TRUE,"[' x acceleration', ' y acceleration', ' z acceleration']",32,100,20,32,-1,1,10,5,2,3,1,00:00:03,0.75,CNN_L,2024:01:15 00:11:12,147 seconds,1595773,00:00:24,0,0.05584073,0.013955489,0.082058094,0.039587744,0.034751756064660085,0.008971786,0.051745085713626626,0.024339386134477763,0.7029969814575248,0.070296936,0.7852522639068564,0.5730918499353169,0.6957245353357427,0.07086628,0.7591611293825944,0.5583032744193954,0.7168269338959798,0.066600067,0.79626492,0.5873995479636068,0.672859108,0.068411441,0.7633146971065069,0.5520600876835329,0.03920759,0.014150122,0.0608948,0.018684318,0.023921588,0.008713443,0.038705448,0.012767158,0.7847222222222222,0.080387756,0.9166666666666666,0.6875,0.763363026,0.094133041,0.9294871794871795,0.6304029304029305,0.8009259259259259,0.08909613,0.9647435897435896,0.7126068376068375,0.7532395533256245,0.098733586,0.9358641358641359,0.6587837501864651,0.038284786,0.014092179,0.060400266,0.019541373,0.023738434897207648,0.007920948,0.038210915,0.013624212060505089,0.7951388888888888,0.09193196,0.9166666666666666,0.6875,0.7545870795870796,0.11025197829029373,0.9337606837606838,0.6304029304029305,0.8085826210826209,0.094697375,0.9658119658119658,0.7126068376068375,0.7597991890142195,0.10709123039129231,0.9368670545141133,0.6587837501864651
User_Identification_From_Walking,13,pesl,categorical_crossentropy,ms_pesl,min,TRUE,"[' x acceleration', ' y acceleration', ' z acceleration']",32,100,20,32,-1,1,10,5,2,3,1,00:00:04,0.75,CNN_L,2024:01:15 00:13:14,122 seconds,2120061,00:00:24,0,0.059770346,0.01672235,0.0895939,0.03632435,0.037205694,0.010724958514130077,0.056040973807576895,0.022271741638771686,0.6822144725370531,0.08486266,0.8020924149956408,0.5274629468177855,0.6868060276050706,0.10161906371423655,0.7762216499982855,0.47471147074502795,0.6877711131661423,0.087772378,0.7870756259429821,0.5160435236131721,0.647394678,0.092287648,0.7647727803266073,0.4719148585233378,0.043069202,0.017707732,0.070990585,0.013937322,0.026646067462393994,0.010577296435441422,0.043457676,0.009590021,0.7653061224489796,0.10118690326968381,0.9387755102040817,0.6122448979591837,0.716941759,0.12110899864173436,0.8962703962703963,0.5072843822843823,0.7542735042735043,0.093456956,0.9059829059829061,0.6196581196581197,0.7116649952985986,0.11764276707017832,0.8987762237762238,0.520099559,0.041415896,0.01758489,0.0679466,0.01402039,0.025717312,0.009251309,0.040413696,0.011122188699705191,0.7789115646258504,0.11807180243339986,0.9591836734693877,0.6122448979591837,0.7503335988630107,0.13966802307662365,0.986013986,0.5463869463869463,0.7742165242165241,0.1234990157169725,0.982905983,0.6196581196581197,0.7380737415715982,0.14353728163512502,0.9826923076923078,0.547952048
User_Identification_From_Walking,13,pesl,categorical_crossentropy,ms_pesl,min,TRUE,"[' x acceleration', ' y acceleration', ' z acceleration']",32,100,20,32,-1,1,10,5,2,3,1,00:00:05,0.75,CNN_L,2024:01:15 00:15:01,107 seconds,2644349,00:00:24,0,0.068595685,0.013554997,0.09391022,0.052139122,0.042880806026681116,0.009118593,0.060127668,0.031650632,0.6378487518355359,0.062879633,0.711453744,0.5242290748898678,0.6127645677976227,0.061683906,0.7036980573250075,0.517782999,0.6584866996012853,0.061483152,0.7337196225671814,0.5456697248381411,0.6126333573990191,0.061006905,0.6991265150893297,0.5104627169410103,0.053950522,0.015539498,0.080046125,0.03170339,0.034150795118343194,0.010176470494598727,0.051370654585798814,0.020779400887573962,0.7147435897435898,0.072310988,0.8269230769230769,0.5961538461538461,0.7124592999592999,0.095525065,0.8358974358974358,0.5657051282051282,0.7785816035816034,0.0904358,0.8778998778998779,0.6594017094017093,0.7156756296743388,0.084613196,0.8099435652067231,0.6161904761904762,0.052191008,0.015258052,0.078119114,0.02991762,0.03284645,0.009551492,0.049443652,0.020359132125746415,0.7275641025641025,0.083394948,0.8653846153846154,0.5961538461538461,0.7201472850511311,0.11536151833109742,0.8764568764568763,0.5557692307692308,0.7860602360602361,0.093431048,0.8949938949938951,0.6709401709401709,0.725943575,0.098084968,0.8409707939119705,0.6108058608058609
User_Identification_From_Walking,13,pesl,categorical_crossentropy,ms_pesl,min,TRUE,"[' x acceleration', ' y acceleration', ' z acceleration']",32,100,20,32,-1,1,10,5,2,3,1,00:00:06,0.75,CNN_L,2024:01:15 00:16:36,94 seconds,3168637,00:00:24,0,0.06395999,0.014877824,0.08757721,0.043170225,0.040022753,0.010180468,0.056672096577153545,0.02582165,0.6628838451268357,0.066589691,0.7556742323097463,0.5647530040053405,0.6356929101358362,0.064895466,0.7020277977196128,0.5446499245802026,0.6770984010434656,0.050886305,0.7393343972135666,0.5805609548669973,0.632894438,0.056262243126381895,0.7026392301352158,0.5416440146830015,0.050893992,0.017696163,0.075925216,0.026259584,0.032232181412882366,0.010864589350233777,0.047249746157347436,0.016701096,0.7371794871794872,0.096580251,0.8653846153846154,0.5961538461538461,0.7110782392129141,0.060643404,0.8034188034188035,0.6475708502024292,0.7576923076923077,0.057170799,0.8358974358974359,0.6752136752136753,0.7077657308133981,0.065408993,0.8002809282221046,0.6256692025922794,0.04980476,0.017267458,0.0750532,0.025543762,0.031142949178140217,0.00980318,0.046377735,0.017350773587145284,0.7371794871794871,0.1057206570671195,0.8846153846153846,0.5961538461538461,0.717528206,0.07159136,0.8264957264957266,0.6326923076923077,0.7545584045584045,0.064304367,0.8435897435897436,0.6752136752136753,0.7103976534510762,0.074275676,0.8145994356520672,0.6366582135812904
User_Identification_From_Walking,13,pesl,categorical_crossentropy,ms_pesl,min,TRUE,"[' x acceleration', ' y acceleration', ' z acceleration']",32,100,20,32,-1,1,10,5,2,3,1,00:00:07,0.75,CNN_L,2024:01:15 00:18:07,90 seconds,3692925,00:00:24,0,0.07250935,0.014401157,0.101797454,0.057686273,0.044821501,0.010049792491965656,0.065289687,0.03479914,0.610062893,0.061769310350465775,0.6776729559748428,0.4858490566037736,0.5823884306792315,0.061559323988556826,0.6811959469815515,0.5058074846234581,0.6064424376003045,0.069560426,0.6735552076881918,0.4763578649337976,0.5662116568155872,0.05785969,0.631550521,0.4612439477374303,0.061888993,0.014441014,0.09166407,0.04856846,0.039050832,0.009558968,0.058029689608636977,0.028636977,0.6666666666666666,0.073040912,0.7192982456140351,0.5087719298245614,0.6435661804082856,0.076225121,0.726007326,0.48260073260073266,0.6795163170163171,0.077009115,0.7564102564102563,0.5211538461538461,0.6289514713137744,0.073756001,0.6936052132884712,0.47137221752606373,0.060001146,0.014706987,0.08992348,0.045977056,0.036540127480227245,0.009276594,0.055043381,0.02729129,0.6695906432748537,0.078076198,0.7368421052631579,0.5087719298245614,0.6439763939763941,0.08745792,0.7479853479853479,0.48260073260073266,0.6806818181818182,0.084574971,0.7715617715617716,0.5211538461538461,0.632025449,0.078542638,0.7169460880999343,0.47137221752606373
User_Identification_From_Walking,13,pesl,categorical_crossentropy,ms_pesl,min,TRUE,"[' x acceleration', ' y acceleration', ' z acceleration']",32,100,20,32,-1,1,10,5,2,3,1,00:00:08,0.75,CNN_L,2024:01:15 00:19:32,84 seconds,4217213,00:00:24,0,0.075576305,0.014558443,0.09820478,0.057047777,0.046707412,0.010039569537791407,0.063408025,0.03470595,0.5934297769740807,0.065027559,0.6853526220614828,0.5099457504520796,0.5688400040835956,0.061698836,0.6463831068146314,0.4849605518752413,0.587623684,0.060768613,0.6696685594107883,0.5064206754875828,0.5468250614252278,0.063676317,0.6365387722049006,0.475919223,0.06272068,0.014474226,0.0825689,0.04121662,0.039897345,0.009591146,0.054673721,0.027269027,0.6666666666666666,0.070429521,0.8035714285714286,0.5892857142857143,0.6477705531438563,0.054995709,0.7263014763014763,0.5598793363499246,0.6791763791763792,0.044679892509506915,0.7566433566433566,0.6333333333333333,0.6316993099103918,0.055409706,0.724501642,0.5831168831168831,0.06147029,0.013860702,0.08212299,0.04085076,0.037590328382014176,0.009306541,0.052959844,0.025635201,0.6636904761904762,0.067932811,0.7857142857142857,0.5892857142857143,0.6155386411459286,0.092036829,0.7311965811965812,0.4672064777327935,0.6643356643356643,0.062053716,0.7496503496503496,0.5564102564102563,0.6127365476024291,0.075579102,0.7215353274176803,0.5024462127910404
User_Identification_From_Walking,13,pesl,categorical_crossentropy,ms_pesl,min,TRUE,"[' x acceleration', ' y acceleration', ' z acceleration']",32,100,20,32,-1,1,10,5,2,3,1,00:00:09,0.75,CNN_L,2024:01:15 00:20:53,81 seconds,4741501,00:00:24,0,0.07975266,0.013880665,0.1033289,0.0583403,0.049704206673705474,0.009596381,0.066949337,0.035402172750265894,0.5768175582990397,0.06194141,0.676954733,0.4876543209876543,0.5480894770481304,0.051316636372547006,0.6212737926632147,0.484808208,0.5955794505280725,0.049980403,0.6602167997327176,0.5230323750509375,0.5447214237704537,0.052713802302340136,0.6251227770375858,0.4839062087646629,0.071726575,0.01871427,0.098772556,0.04417029,0.045576543272395804,0.012478568152133641,0.064414848,0.026991441737985518,0.6263440860215054,0.091910328,0.7580645161290323,0.5161290322580645,0.5965335318276495,0.091582924,0.7176989676989677,0.4759211376858436,0.65990676,0.073386201,0.7421911421911422,0.5726107226107225,0.5975125049671784,0.075865706,0.7047312561482602,0.5073260073260073,0.068929605,0.016036356,0.09536293,0.04402891,0.041825194764471774,0.010823278392333236,0.061005230985898946,0.025704806,0.6182795698924731,0.077165054,0.7419354838709677,0.5161290322580645,0.581478244,0.072174876,0.6830835830835831,0.4726592851592852,0.646943797,0.075422047,0.7575757575757576,0.5425407925407926,0.5815050483431273,0.066580988,0.6740183792815372,0.4838420838420839
User_Identification_From_Walking,13,pesl,categorical_crossentropy,ms_pesl,min,TRUE,"[' x acceleration', ' y acceleration', ' z acceleration']",32,100,20,32,-1,1,10,5,2,3,1,00:00:10,0.75,CNN_L,2024:01:15 00:22:12,78 seconds,5265789,00:00:24,0,0.07845408,0.012690115,0.102234736,0.0638978,0.049416165403257266,0.008842592,0.066074305,0.039407333,0.5910493827160493,0.055260059474672454,0.6550925925925926,0.49074074074074076,0.5477538102641556,0.058635905,0.638203848,0.45803796028598354,0.5981936256257835,0.056108125,0.6769904556873778,0.5095838687811932,0.550537511,0.053619067,0.6331877561167747,0.4588503308124816,0.07071071,0.013988505,0.09376687,0.05311215,0.045275758,0.009315064,0.060913382,0.032976145,0.6169154228855721,0.068215469,0.7164179104477612,0.5074626865671642,0.5703299491076342,0.055732977,0.6621935756551142,0.5194246929541048,0.6308021038790269,0.056258407,0.6962524654832347,0.5333333333333333,0.5723540335204981,0.057379628,0.654632658,0.4836910652700127,0.068163514,0.013021419,0.091889456,0.053247724,0.041845400494108724,0.009150598,0.057976177016971484,0.030609439,0.6293532338308457,0.058072724,0.7014925373134329,0.5223880597014925,0.5785919139237389,0.054449906771548776,0.6638724523339908,0.5111111111111111,0.6344345825115055,0.044182612188911306,0.6890532544378698,0.5487179487179487,0.5788619122126237,0.049303608,0.6326851613640911,0.48619564196487275
User_Identification_From_Walking,13,pesl,categorical_crossentropy,ms_pesl,min,TRUE,"[' x acceleration', ' y acceleration', ' z acceleration']",32,100,20,32,-1,1,10,5,2,3,1,00:00:11,0.75,CNN_L,2024:01:15 00:23:28,75 seconds,5790077,00:00:24,0,0.080903836,0.011944637,0.09255329,0.061668586,0.049335482,0.007364666,0.057050324,0.037694943341646185,0.5554123711340205,0.064771448,0.6623711340206185,0.5,0.5184358686856751,0.061542511,0.6286061678626625,0.4658976205221688,0.555049925,0.077894155,0.6858474851480151,0.48505691390004646,0.5106151099046412,0.077695716,0.6420011105578207,0.43741477174097904,0.07878479,0.018196149,0.09939514,0.052064434,0.050185185185185194,0.010909904789504403,0.062905983,0.035299145,0.5717592592592593,0.091924674,0.7083333333333334,0.4722222222222222,0.5457792919331381,0.089786673,0.6846183730799116,0.4405677655677656,0.5588052972668357,0.10286702834644505,0.6990560721329953,0.44033530571992113,0.5193682315466385,0.10006919431475284,0.6641942045389304,0.41676528599605517,0.07307389,0.014986013,0.08989921,0.04908156,0.044145551,0.008125386,0.053410058695290794,0.032316275,0.5925925925925926,0.098100093,0.7638888888888888,0.4861111111111111,0.5511229750532328,0.10298348173663663,0.7415084915084915,0.42907092907092914,0.5984760965530196,0.1168082785341521,0.8015497323189631,0.43984220907297833,0.5508929834577417,0.11698637386815297,0.7581884781884782,0.39813519813519804
User_Identification_From_Walking,13,pesl,categorical_crossentropy,ms_pesl,min,TRUE,"[' x acceleration', ' y acceleration', ' z acceleration']",32,100,20,32,-1,1,10,5,2,3,1,00:00:12,0.75,CNN_L,2024:01:15 00:24:42,73 seconds,6314365,00:00:24,0,0.08284909,0.010901619,0.103372864,0.06892128,0.050896437,0.007466305,0.063406674,0.040316042,0.5499999999999999,0.052209677,0.5971428571428572,0.43714285714285717,0.5013032816259222,0.092056722,0.6558649098878984,0.37485965231921947,0.5320465373785567,0.066306905,0.6145464520177079,0.4016933521341842,0.48942687087876807,0.065018444,0.5529719886164799,0.37092102924582804,0.07727934,0.016147045,0.10498521,0.051494084,0.049727564102564105,0.009513307,0.066153846,0.035961538,0.5703125,0.088273184,0.703125,0.40625,0.5096272778935317,0.11074240991746281,0.7079043763254289,0.3825174825174825,0.5365165461319307,0.097313381,0.6555555555555556,0.34957264957264955,0.48987275734954605,0.089261321,0.6120146890895879,0.3367925765623975,0.07428054,0.012928288,0.09753759,0.055674203,0.045064566,0.007972591,0.058706226357765394,0.033484853655985816,0.5885416666666666,0.074753646,0.6875,0.453125,0.5256438299424724,0.1195643410448178,0.7336976748741454,0.38219216680755136,0.5680199430199431,0.086415989,0.6876068376068376,0.43290598290598287,0.5144716650876244,0.087604653,0.6342759804298267,0.395861204
User_Identification_From_Walking,13,pesl,categorical_crossentropy,ms_pesl,min,TRUE,"[' x acceleration', ' y acceleration', ' z acceleration']",32,100,20,32,-1,1,10,5,2,3,1,00:00:13,0.75,CNN_L,2024:01:15 00:25:55,72 seconds,6838653,00:00:24,0,0.08436543,0.017357191,0.11175342,0.056160145,0.052143628219069295,0.011195640006718955,0.070609795,0.034924733,0.5462097611630322,0.087757377,0.7009345794392523,0.4205607476635514,0.4958360218791151,0.080968986,0.6284554722140514,0.3543898423883691,0.5467875413442811,0.084629412,0.6717753621837926,0.4008400526202384,0.4964690732868638,0.084256263,0.6351367848207616,0.3526497053424601,0.08250935,0.018787146,0.10822175,0.048874963,0.053390688259109316,0.012623745838394769,0.070850202,0.031123481781376517,0.5657894736842105,0.083908449,0.7105263157894737,0.4473684210526316,0.4889642764642765,0.075565136,0.5916666666666667,0.3465589965589965,0.5694388944388944,0.082560304,0.6815018315018315,0.4258241758241758,0.5005324262456613,0.079533475,0.6146256521256521,0.3548540371055584,0.07647034,0.016912421,0.1034876,0.04920896,0.046261681,0.011109433495070724,0.064247487,0.028654614607368727,0.5745614035087719,0.08205389,0.7105263157894737,0.4473684210526316,0.5045239192506398,0.091076121,0.6184537684537685,0.34647435897435896,0.5843351093351093,0.087950325,0.6952380952380952,0.44505494505494503,0.519333671,0.088587395,0.6363693496046436,0.36544539338656984
User_Identification_From_Walking,13,pesl,categorical_crossentropy,ms_pesl,min,TRUE,"[' x acceleration', ' y acceleration', ' z acceleration']",32,100,20,32,-1,1,10,5,2,3,1,00:00:14,0.75,CNN_L,2024:01:15 00:27:05,70 seconds,7362941,00:00:24,0,0.08931083,0.012942493,0.10432091,0.06547468,0.055131707681161046,0.008192393,0.063642941,0.040442085,0.5186440677966102,0.068666733,0.6474576271186441,0.4271186440677966,0.49936959528753316,0.076357225,0.6354415150795241,0.4050390411532945,0.4713299079346825,0.079145112,0.5985740754971525,0.3712594655565478,0.45306812288925413,0.081809022,0.595941425,0.3437984305236634,0.088875055,0.01527683,0.11102114,0.062313583,0.058479532163742694,0.009616676,0.072154746,0.041385515,0.5421052631578948,0.079413827,0.6736842105263158,0.43157894736842106,0.532255266,0.096621342,0.670280681,0.4080648696033311,0.5007715051832698,0.078979079,0.6169144580909287,0.39127343244990304,0.47732849225446206,0.08346247,0.6057207160655437,0.3724181715392532,0.08205248,0.012472664,0.09798229,0.06008625,0.050286661,0.007649668,0.059115884666210865,0.036915895625785004,0.5526315789473685,0.069757528,0.6736842105263158,0.45263157894736844,0.5453920543339155,0.083232284,0.6871070106364224,0.44778199741435043,0.5067262802556919,0.064953294,0.6104503339797457,0.4253393665158371,0.4873947093852377,0.073751683,0.6144449983192376,0.387271959
User_Identification_From_Walking,13,pesl,categorical_crossentropy,ms_pesl,min,TRUE,"[' x acceleration', ' y acceleration', ' z acceleration']",32,100,20,32,-1,1,10,5,2,3,1,00:00:15,0.75,CNN_L,2024:01:15 00:28:15,69 seconds,7887229,00:00:24,0,0.0930402,0.010803216,0.112022504,0.07942332,0.057493726185879855,0.007294385,0.070515367,0.048619276703470604,0.49938725490196073,0.050114159,0.5661764705882353,0.41544117647058826,0.4681616554419763,0.048862546,0.554533424,0.39904266669615807,0.48913803537672323,0.058119368,0.6136858993193836,0.4404553779553779,0.4521318535751588,0.048962089,0.5521848138173334,0.40719657627965294,0.09326749,0.013082358,0.11649036,0.07557827,0.060185185185185196,0.008796065,0.076146076,0.048951049,0.5075757575757576,0.052759047,0.6022727272727273,0.4318181818181818,0.4693196565293973,0.07265381,0.5963170887083931,0.37366138763197576,0.48090455610251986,0.057510677992190576,0.5989845938375349,0.41607142857142854,0.43778224707418517,0.049904334799731685,0.5345596432552955,0.37203036279959356,0.085505925,0.011301027,0.10569491,0.06859174,0.051616739,0.007687964,0.065350644,0.041157643572948474,0.5227272727272727,0.053300179088902604,0.6136363636363636,0.4318181818181818,0.46020002374847474,0.045531702699936866,0.5520863194776238,0.40783374857261495,0.502167001,0.055671458775417286,0.609561517,0.43751408847562695,0.4543167857344061,0.051970196,0.5482299673375187,0.3911509609890176
User_Identification_From_Walking,13,pesl,categorical_crossentropy,ms_pesl,min,TRUE,"[' x acceleration', ' y acceleration', ' z acceleration']",32,100,20,32,-1,1,10,5,2,3,1,00:00:16,0.75,CNN_L,2024:01:15 00:29:24,69 seconds,8411517,00:00:24,0,0.09335092,0.018092604,0.12417133,0.06929513,0.057146322,0.011979414441396838,0.077863118,0.042352178,0.4901185770750988,0.088116588,0.6205533596837944,0.34782608695652173,0.48044768297241675,0.080425723,0.6234597901323379,0.37278988858749607,0.4855271808713104,0.079469706,0.639439513,0.38543072424651376,0.4478712258480104,0.075157949,0.586758255,0.3584385942063539,0.09421731,0.019370954,0.1256808,0.06644427,0.062220815,0.012755344922372389,0.082726601,0.044528859,0.49794238683127573,0.11171911078599367,0.6790123456790124,0.32098765432098764,0.47973602675748506,0.12447683982482301,0.7211455211455212,0.34632034632034636,0.5003739316239316,0.11781108665004872,0.719871795,0.33653846153846156,0.44824903938499433,0.11302627778551766,0.6775978407557355,0.3192978966734623,0.08710947,0.017757736,0.11832899,0.06619494,0.052483133463570024,0.011139260976211596,0.071868334,0.039019828,0.5123456790123457,0.096092958,0.6172839506172839,0.345679012,0.5266756563507227,0.081486816,0.6580515638207947,0.43392718392718393,0.5248397435897436,0.076086024,0.6330128205128205,0.3891025641025641,0.4833120866444838,0.069291881,0.5841607667694624,0.38345899872930117
User_Identification_From_Walking,13,pesl,categorical_crossentropy,ms_pesl,min,TRUE,"[' x acceleration', ' y acceleration', ' z acceleration']",32,100,20,32,-1,1,10,5,2,3,1,00:00:17,0.75,CNN_L,2024:01:15 00:30:33,68 seconds,8935805,00:00:24,0,0.09904599,0.008796488,0.10985527,0.08719459,0.059816476,0.005956317,0.068402346,0.051238395,0.44751773049645394,0.050254620533494665,0.5191489361702127,0.3617021276595745,0.37061965279737175,0.06904292,0.4437482331571001,0.22469308469308466,0.40245400852817736,0.061446825366837474,0.4604720442955737,0.2770954535660418,0.3493366546377186,0.055295468,0.39072664238122445,0.23072295492311892,0.105639465,0.011781736,0.12387107,0.08847192,0.071693657,0.007561044,0.084008097,0.061066127,0.4371345029239766,0.054878141,0.49122807017543857,0.32456140350877194,0.35633776213229656,0.081356923,0.43134216211139287,0.19164157929340114,0.409458842,0.090019124,0.550636618,0.26140199669611436,0.3469336143897586,0.080412745,0.4642807798442861,0.1947980828843868,0.095555454,0.009675442,0.109651856,0.08344665,0.057145822163127545,0.005832046,0.065543877,0.049445555,0.4590643274853801,0.06419444,0.543859649,0.34210526315789475,0.3760685835696407,0.058335732,0.4264208014208014,0.2586348815181767,0.41980410656881245,0.079052318,0.5042663219133807,0.2556704733175321,0.36122644396646186,0.066590834,0.42596047630530387,0.21890748140748142