dataset,prediction_method,class,loss_metric,loss_function,lr,beta_1,monitor_metric,monitor_mode,restore_best,features,sample_rate,noise_rate,label_noise_rate,epochs,batch_size,data_length_time,repetitions,n_h_block,n_train_h_block,n_valid_h_block,n_test_h_block,h_moving_step,segments_time,segments_overlap,inner_classifier,datetime,running_time,n_params,decision_time,decision_overlap,Core_pesl_mean,Core_pesl_std,Core_pesl_max,Core_pesl_min,Core_mse_mean,Core_mse_std,Core_mse_max,Core_mse_min,Core_accuracy_mean,Core_accuracy_std,Core_accuracy_max,Core_accuracy_min,Core_precision_mean,Core_precision_std,Core_precision_max,Core_precision_min,Core_recall_mean,Core_recall_std,Core_recall_max,Core_recall_min,Core_f1_mean,Core_f1_std,Core_f1_max,Core_f1_min,MV_pesl_mean,MV_pesl_std,MV_pesl_max,MV_pesl_min,MV_esl_mean,MV_esl_std,MV_esl_max,MV_esl_min,MV_ll_mean,MV_ll_std,MV_ll_max,MV_ll_min,MV_accuracy_mean,MV_accuracy_std,MV_accuracy_max,MV_accuracy_min,MV_precision_mean,MV_precision_std,MV_precision_max,MV_precision_min,MV_recall_mean,MV_recall_std,MV_recall_max,MV_recall_min,MV_f1_mean,MV_f1_std,MV_f1_max,MV_f1_min,MS_pesl_mean,MS_pesl_std,MS_pesl_max,MS_pesl_min,MS_esl_mean,MS_esl_std,MS_esl_max,MS_esl_min,MS_ll_mean,MS_ll_std,MS_ll_max,MS_ll_min,MS_accuracy_mean,MS_accuracy_std,MS_accuracy_max,MS_accuracy_min,MS_precision_mean,MS_precision_std,MS_precision_max,MS_precision_min,MS_recall_mean,MS_recall_std,MS_recall_max,MS_recall_min,MS_f1_mean,MS_f1_std,MS_f1_max,MS_f1_min,validation_metric_ms_pesl_mean,validation_metric_ms_pesl_std,validation_metric_ms_pesl_max,validation_metric_ms_pesl_min
/content/drive/MyDrive/datasets/Dataset#2/,Total MC,20,pesl,categorical_crossentropy,0.0001,0.5,ms_pesl,min,True,"['x1', 'y1', 'z1', 'x2', 'y2', 'z2']",1,100,0.0,2,32,-1,1,2,1,1,1,1,0:00:32,0.75,CNN_L,2024:01:14 16:39:44,260 seconds,554948,0:02:08,0,0.013303982,0.0,0.013303982,0.013303982,0.008090145324728869,0.0,0.008090145324728869,0.008090145324728869,0.007009724473257699,0.0,0.007009724473257699,0.007009724473257699,0.0063899730042773824,0.0,0.0063899730042773824,0.0063899730042773824,0.011864544346108038,0.0,0.011864544346108038,0.011864544346108038,0.006430250044543374,0.0,0.006430250044543374,0.006430250044543374,0.0067614554,0.0,0.0067614554,0.0067614554,0.004269404473328832,0.0,0.004269404473328832,0.004269404473328832,0.6895152188135565,0.0,0.6895152188135565,0.6895152188135565,0.9475357710651828,0.0,0.9475357710651828,0.9475357710651828,0.9180250408768862,0.0,0.9180250408768862,0.9180250408768862,0.8951781148161742,0.0,0.8951781148161742,0.8951781148161742,0.888031875942979,0.0,0.888031875942979,0.888031875942979,0.0066727046,0.0,0.0066727046,0.0066727046,0.004205826475163449,0.0,0.004205826475163449,0.004205826475163449,0.2954175091951655,0.0,0.2954175091951655,0.2954175091951655,0.9480657127715951,0.0,0.9480657127715951,0.9480657127715951,0.9167976042804499,0.0,0.9167976042804499,0.9167976042804499,0.8963409055138486,0.0,0.8963409055138486,0.8963409055138486,0.8890335912037985,0.0,0.8890335912037985,0.8890335912037985,0.00046129178,0.0,0.00046129178,0.00046129178
/content/drive/MyDrive/datasets/Dataset#2/,Data MC,20,pesl,categorical_crossentropy,0.0001,0.5,ms_pesl,min,True,"['x1', 'y1', 'z1', 'x2', 'y2', 'z2']",1,100,0.0,2,32,-1,1,2,1,1,1,1,0:00:32,0.75,CNN_L,2024:01:14 16:39:44,260 seconds,554948,0:02:08,0,0.013303982,0.0,0.013303982,0.013303982,0.008090145324728869,0.0,0.008090145324728869,0.008090145324728869,0.007009724473257699,0.0,0.007009724473257699,0.007009724473257699,0.0063899730042773824,0.0,0.0063899730042773824,0.0063899730042773824,0.011864544346108038,0.0,0.011864544346108038,0.011864544346108038,0.006430250044543374,0.0,0.006430250044543374,0.006430250044543374,0.006896219,0.0,0.006896219,0.006896219,0.004353823836780242,0.0,0.004353823836780242,0.004353823836780242,0.6942634010378997,0.0,0.6942634010378997,0.6942634010378997,0.9464758876523582,0.0,0.9464758876523582,0.9464758876523582,0.9163285191928411,0.0,0.9163285191928411,0.9163285191928411,0.8932088725055966,0.0,0.8932088725055966,0.8932088725055966,0.8849438113244205,0.0,0.8849438113244205,0.8849438113244205,0.0067555895,0.0,0.0067555895,0.0067555895,0.004313883404704751,0.0,0.004313883404704751,0.004313883404704751,0.3015360724746408,0.0,0.3015360724746408,0.3015360724746408,0.9485956544780074,0.0,0.9485956544780074,0.9485956544780074,0.9166493407427667,0.0,0.9166493407427667,0.9166493407427667,0.8969819311548741,0.0,0.8969819311548741,0.8969819311548741,0.8893663019911585,0.0,0.8893663019911585,0.8893663019911585,0.00046129178,0.0,0.00046129178,0.00046129178
/content/drive/MyDrive/datasets/Dataset#2/,Model MC,20,pesl,categorical_crossentropy,0.0001,0.5,ms_pesl,min,True,"['x1', 'y1', 'z1', 'x2', 'y2', 'z2']",1,100,0.0,2,32,-1,1,2,1,1,1,1,0:00:32,0.75,CNN_L,2024:01:14 16:39:44,260 seconds,554948,0:02:08,0,0.013303982,0.0,0.013303982,0.013303982,0.008090145324728869,0.0,0.008090145324728869,0.008090145324728869,0.007009724473257699,0.0,0.007009724473257699,0.007009724473257699,0.0063899730042773824,0.0,0.0063899730042773824,0.0063899730042773824,0.011864544346108038,0.0,0.011864544346108038,0.011864544346108038,0.006430250044543374,0.0,0.006430250044543374,0.006430250044543374,0.00780462,0.0,0.00780462,0.00780462,0.004985329834900508,0.0,0.004985329834900508,0.004985329834900508,0.7021393666440859,0.0,0.7021393666440859,0.7021393666440859,0.940646528881823,0.0,0.940646528881823,0.940646528881823,0.9129905004165219,0.0,0.9129905004165219,0.9129905004165219,0.8885932268359374,0.0,0.8885932268359374,0.8885932268359374,0.8832548743212637,0.0,0.8832548743212637,0.8832548743212637,0.0073941112,0.0,0.0073941112,0.0073941112,0.00454964951032705,0.0,0.00454964951032705,0.00454964951032705,0.3088482982064104,0.0,0.3088482982064104,0.3088482982064104,0.9401165871754107,0.0,0.9401165871754107,0.9401165871754107,0.9126320506692416,0.0,0.9126320506692416,0.9126320506692416,0.8879522011949119,0.0,0.8879522011949119,0.8879522011949119,0.8825179193351618,0.0,0.8825179193351618,0.8825179193351618,0.00046129178,0.0,0.00046129178,0.00046129178
/content/drive/MyDrive/datasets/Dataset#2/,Original,20,pesl,categorical_crossentropy,0.0001,0.5,ms_pesl,min,True,"['x1', 'y1', 'z1', 'x2', 'y2', 'z2']",1,100,0.0,2,32,-1,1,2,1,1,1,1,0:00:32,0.75,CNN_L,2024:01:14 16:39:44,260 seconds,554948,0:02:08,0,0.013303982,0.0,0.013303982,0.013303982,0.008090145324728869,0.0,0.008090145324728869,0.008090145324728869,0.007009724473257699,0.0,0.007009724473257699,0.007009724473257699,0.0063899730042773824,0.0,0.0063899730042773824,0.0063899730042773824,0.011864544346108038,0.0,0.011864544346108038,0.011864544346108038,0.006430250044543374,0.0,0.006430250044543374,0.006430250044543374,0.007014797,0.0,0.007014797,0.007014797,0.0045982634217928324,0.0,0.0045982634217928324,0.0045982634217928324,0.7058429972620044,0.0,0.7058429972620044,0.7058429972620044,0.9448860625331214,0.0,0.9448860625331214,0.9448860625331214,0.9154727079116697,0.0,0.9154727079116697,0.9154727079116697,0.8906239634172917,0.0,0.8906239634172917,0.8906239634172917,0.8803594265709185,0.0,0.8803594265709185,0.8803594265709185,0.007137365,0.0,0.007137365,0.007137365,0.004620142202806118,0.0,0.004620142202806118,0.004620142202806118,0.3170804505304701,0.0,0.3170804505304701,0.3170804505304701,0.9470058293587705,0.0,0.9470058293587705,0.9470058293587705,0.9160533317712314,0.0,0.9160533317712314,0.9160533317712314,0.8942138718834192,0.0,0.8942138718834192,0.8942138718834192,0.8852718590410449,0.0,0.8852718590410449,0.8852718590410449,0.00046129178,0.0,0.00046129178,0.00046129178
/content/drive/MyDrive/datasets/Dataset#2/,Total MC,20,pesl,categorical_crossentropy,0.0001,0.5,ms_pesl,min,True,"['x1', 'y1', 'z1', 'x2', 'y2', 'z2']",1,100,0.0,5,32,-1,1,2,1,1,1,1,0:00:32,0.75,CNN_L,2024:01:14 16:46:01,336 seconds,554948,0:02:08,0,0.0082312785,0.0,0.0082312785,0.0082312785,0.005011363235479172,0.0,0.005011363235479172,0.005011363235479172,0.00992706645056726,0.0,0.00992706645056726,0.00992706645056726,0.006215835249320892,0.0,0.006215835249320892,0.006215835249320892,0.01907315364678223,0.0,0.01907315364678223,0.01907315364678223,0.008523163469873285,0.0,0.008523163469873285,0.008523163469873285,0.0045671286,0.0,0.0045671286,0.0045671286,0.0026540394943452956,0.0,0.0026540394943452956,0.0026540394943452956,0.2945820979255946,0.0,0.2945820979255946,0.2945820979255946,0.9597244303126656,0.0,0.9597244303126656,0.9597244303126656,0.9725241984271022,0.0,0.9725241984271022,0.9725241984271022,0.9116279069767442,0.0,0.9116279069767442,0.9116279069767442,0.9055542062681244,0.0,0.9055542062681244,0.9055542062681244,0.004600302,0.0,0.004600302,0.004600302,0.0026116957393195433,0.0,0.0026116957393195433,0.0026116957393195433,0.21284940412291625,0.0,0.21284940412291625,0.21284940412291625,0.9581346051934287,0.0,0.9581346051934287,0.9581346051934287,0.9718739015985083,0.0,0.9718739015985083,0.9718739015985083,0.9081395348837209,0.0,0.9081395348837209,0.9081395348837209,0.8990736337228677,0.0,0.8990736337228677,0.8990736337228677,6.177335e-05,0.0,6.177335e-05,6.177335e-05
/content/drive/MyDrive/datasets/Dataset#2/,Data MC,20,pesl,categorical_crossentropy,0.0001,0.5,ms_pesl,min,True,"['x1', 'y1', 'z1', 'x2', 'y2', 'z2']",1,100,0.0,5,32,-1,1,2,1,1,1,1,0:00:32,0.75,CNN_L,2024:01:14 16:46:01,336 seconds,554948,0:02:08,0,0.0082312785,0.0,0.0082312785,0.0082312785,0.005011363235479172,0.0,0.005011363235479172,0.005011363235479172,0.00992706645056726,0.0,0.00992706645056726,0.00992706645056726,0.006215835249320892,0.0,0.006215835249320892,0.006215835249320892,0.01907315364678223,0.0,0.01907315364678223,0.01907315364678223,0.008523163469873285,0.0,0.008523163469873285,0.008523163469873285,0.004574568,0.0,0.004574568,0.004574568,0.0026614788752520407,0.0,0.0026614788752520407,0.0026614788752520407,0.29658843433275606,0.0,0.29658843433275606,0.29658843433275606,0.9597244303126656,0.0,0.9597244303126656,0.9597244303126656,0.9724038386896444,0.0,0.9724038386896444,0.9724038386896444,0.9123319820780884,0.0,0.9123319820780884,0.9123319820780884,0.9071048830351203,0.0,0.9071048830351203,0.9071048830351203,0.004629149,0.0,0.004629149,0.004629149,0.002640542939503598,0.0,0.002640542939503598,0.002640542939503598,0.21512002318275242,0.0,0.21512002318275242,0.21512002318275242,0.9581346051934287,0.0,0.9581346051934287,0.9581346051934287,0.9716627893336748,0.0,0.9716627893336748,0.9716627893336748,0.9081395348837209,0.0,0.9081395348837209,0.9081395348837209,0.89898103706147,0.0,0.89898103706147,0.89898103706147,6.177335e-05,0.0,6.177335e-05,6.177335e-05
/content/drive/MyDrive/datasets/Dataset#2/,Model MC,20,pesl,categorical_crossentropy,0.0001,0.5,ms_pesl,min,True,"['x1', 'y1', 'z1', 'x2', 'y2', 'z2']",1,100,0.0,5,32,-1,1,2,1,1,1,1,0:00:32,0.75,CNN_L,2024:01:14 16:46:01,336 seconds,554948,0:02:08,0,0.0082312785,0.0,0.0082312785,0.0082312785,0.005011363235479172,0.0,0.005011363235479172,0.005011363235479172,0.00992706645056726,0.0,0.00992706645056726,0.00992706645056726,0.006215835249320892,0.0,0.006215835249320892,0.006215835249320892,0.01907315364678223,0.0,0.01907315364678223,0.01907315364678223,0.008523163469873285,0.0,0.008523163469873285,0.008523163469873285,0.0055667823,0.0,0.0055667823,0.0055667823,0.0035781763928781738,0.0,0.0035781763928781738,0.0035781763928781738,0.3473289988234973,0.0,0.3473289988234973,0.3473289988234973,0.9581346051934287,0.0,0.9581346051934287,0.9581346051934287,0.9716610775716749,0.0,0.9716610775716749,0.9716610775716749,0.9091830649970184,0.0,0.9091830649970184,0.9091830649970184,0.9016857691178878,0.0,0.9016857691178878,0.9016857691178878,0.0051983013,0.0,0.0051983013,0.0051983013,0.0032096956039612385,0.0,0.0032096956039612385,0.0032096956039612385,0.2572404405428442,0.0,0.2572404405428442,0.2572404405428442,0.9581346051934287,0.0,0.9581346051934287,0.9581346051934287,0.971758392811474,0.0,0.971758392811474,0.971758392811474,0.9091830649970184,0.0,0.9091830649970184,0.9091830649970184,0.901765923316097,0.0,0.901765923316097,0.901765923316097,6.177335e-05,0.0,6.177335e-05,6.177335e-05
/content/drive/MyDrive/datasets/Dataset#2/,Original,20,pesl,categorical_crossentropy,0.0001,0.5,ms_pesl,min,True,"['x1', 'y1', 'z1', 'x2', 'y2', 'z2']",1,100,0.0,5,32,-1,1,2,1,1,1,1,0:00:32,0.75,CNN_L,2024:01:14 16:46:01,336 seconds,554948,0:02:08,0,0.0082312785,0.0,0.0082312785,0.0082312785,0.005011363235479172,0.0,0.005011363235479172,0.005011363235479172,0.00992706645056726,0.0,0.00992706645056726,0.00992706645056726,0.006215835249320892,0.0,0.006215835249320892,0.006215835249320892,0.01907315364678223,0.0,0.01907315364678223,0.01907315364678223,0.008523163469873285,0.0,0.008523163469873285,0.008523163469873285,0.0045860577,0.0,0.0045860577,0.0045860577,0.0027484846489371382,0.0,0.0027484846489371382,0.0027484846489371382,0.30198175118489556,0.0,0.30198175118489556,0.30198175118489556,0.958664546899841,0.0,0.958664546899841,0.958664546899841,0.9710700497656484,0.0,0.9710700497656484,0.9710700497656484,0.9107267135043078,0.0,0.9107267135043078,0.9107267135043078,0.9041238923798239,0.0,0.9041238923798239,0.9041238923798239,0.004686366,0.0,0.004686366,0.004686366,0.0027481041158206095,0.0,0.0027481041158206095,0.0027481041158206095,0.22144140757180983,0.0,0.22144140757180983,0.22144140757180983,0.9591944886062533,0.0,0.9591944886062533,0.9591944886062533,0.9720366424564556,0.0,0.9720366424564556,0.9720366424564556,0.9104651162790699,0.0,0.9104651162790699,0.9104651162790699,0.9031825226822967,0.0,0.9031825226822967,0.9031825226822967,6.177335e-05,0.0,6.177335e-05,6.177335e-05
/content/drive/MyDrive/datasets/Dataset#2/,Total MC,20,pesl,categorical_crossentropy,0.0001,0.5,ms_pesl,min,True,"['x1', 'y1', 'z1', 'x2', 'y2', 'z2']",1,100,0.0,10,32,-1,1,2,1,1,1,1,0:00:32,0.75,CNN_L,2024:01:14 17:07:47,635 seconds,554948,0:02:08,0,0.0069896705,0.0,0.0069896705,0.0069896705,0.004318276783939748,0.0,0.004318276783939748,0.004318276783939748,0.007374392220421394,0.0,0.007374392220421394,0.007374392220421394,0.004296972253672206,0.0,0.004296972253672206,0.004296972253672206,0.014522746518897275,0.0,0.014522746518897275,0.014522746518897275,0.0062744814012888235,0.0,0.0062744814012888235,0.0062744814012888235,0.0029131616,0.0,0.0029131616,0.0029131616,0.001906272631573008,0.0,0.001906272631573008,0.001906272631573008,0.255309757964226,0.0,0.255309757964226,0.255309757964226,0.9788023317435082,0.0,0.9788023317435082,0.9788023317435082,0.9840249033613796,0.0,0.9840249033613796,0.9840249033613796,0.9534883720930232,0.0,0.9534883720930232,0.9534883720930232,0.9551665518783569,0.0,0.9551665518783569,0.9551665518783569,0.0028146387,0.0,0.0028146387,0.0028146387,0.0019084381262325012,0.0,0.0019084381262325012,0.0019084381262325012,0.15435599988975543,0.0,0.15435599988975543,0.15435599988975543,0.9809220985691574,0.0,0.9809220985691574,0.9809220985691574,0.9862963465539247,0.0,0.9862963465539247,0.9862963465539247,0.9581395348837208,0.0,0.9581395348837208,0.9581395348837208,0.9589103861352134,0.0,0.9589103861352134,0.9589103861352134,4.1609434e-05,0.0,4.1609434e-05,4.1609434e-05
/content/drive/MyDrive/datasets/Dataset#2/,Data MC,20,pesl,categorical_crossentropy,0.0001,0.5,ms_pesl,min,True,"['x1', 'y1', 'z1', 'x2', 'y2', 'z2']",1,100,0.0,10,32,-1,1,2,1,1,1,1,0:00:32,0.75,CNN_L,2024:01:14 17:07:47,635 seconds,554948,0:02:08,0,0.0069896705,0.0,0.0069896705,0.0069896705,0.004318276783939748,0.0,0.004318276783939748,0.004318276783939748,0.007374392220421394,0.0,0.007374392220421394,0.007374392220421394,0.004296972253672206,0.0,0.004296972253672206,0.004296972253672206,0.014522746518897275,0.0,0.014522746518897275,0.014522746518897275,0.0062744814012888235,0.0,0.0062744814012888235,0.0062744814012888235,0.0029952768,0.0,0.0029952768,0.0029952768,0.001963215329508459,0.0,0.001963215329508459,0.001963215329508459,0.25875632728757086,0.0,0.25875632728757086,0.25875632728757086,0.9782723900370959,0.0,0.9782723900370959,0.9782723900370959,0.9839136408108367,0.0,0.9839136408108367,0.9839136408108367,0.95268192048012,0.0,0.95268192048012,0.95268192048012,0.9537286008978386,0.0,0.9537286008978386,0.9537286008978386,0.0029222295,0.0,0.0029222295,0.0029222295,0.001965684482640385,0.0,0.001965684482640385,0.001965684482640385,0.15721448019462964,0.0,0.15721448019462964,0.15721448019462964,0.9798622151563328,0.0,0.9798622151563328,0.9798622151563328,0.985535883573782,0.0,0.985535883573782,0.985535883573782,0.9558139534883722,0.0,0.9558139534883722,0.9558139534883722,0.9551399083798617,0.0,0.9551399083798617,0.9551399083798617,4.1609434e-05,0.0,4.1609434e-05,4.1609434e-05
/content/drive/MyDrive/datasets/Dataset#2/,Model MC,20,pesl,categorical_crossentropy,0.0001,0.5,ms_pesl,min,True,"['x1', 'y1', 'z1', 'x2', 'y2', 'z2']",1,100,0.0,10,32,-1,1,2,1,1,1,1,0:00:32,0.75,CNN_L,2024:01:14 17:07:47,635 seconds,554948,0:02:08,0,0.0069896705,0.0,0.0069896705,0.0069896705,0.004318276783939748,0.0,0.004318276783939748,0.004318276783939748,0.007374392220421394,0.0,0.007374392220421394,0.007374392220421394,0.004296972253672206,0.0,0.004296972253672206,0.004296972253672206,0.014522746518897275,0.0,0.014522746518897275,0.014522746518897275,0.0062744814012888235,0.0,0.0062744814012888235,0.0062744814012888235,0.0043647476,0.0,0.0043647476,0.0043647476,0.00270338062209748,0.0,0.00270338062209748,0.00270338062209748,0.26934002922950573,0.0,0.26934002922950573,0.26934002922950573,0.9650238473767886,0.0,0.9650238473767886,0.9650238473767886,0.9738244015991422,0.0,0.9738244015991422,0.9738244015991422,0.9237775790101372,0.0,0.9237775790101372,0.9237775790101372,0.9246333154848403,0.0,0.9246333154848403,0.9246333154848403,0.004161342,0.0,0.004161342,0.004161342,0.0025503188102560842,0.0,0.0025503188102560842,0.0025503188102560842,0.18463380698952606,0.0,0.18463380698952606,0.18463380698952606,0.9660837307896132,0.0,0.9660837307896132,0.9660837307896132,0.9744979604963853,0.0,0.9744979604963853,0.9744979604963853,0.926103160405486,0.0,0.926103160405486,0.926103160405486,0.9279115742630989,0.0,0.9279115742630989,0.9279115742630989,4.1609434e-05,0.0,4.1609434e-05,4.1609434e-05
/content/drive/MyDrive/datasets/Dataset#2/,Original,20,pesl,categorical_crossentropy,0.0001,0.5,ms_pesl,min,True,"['x1', 'y1', 'z1', 'x2', 'y2', 'z2']",1,100,0.0,10,32,-1,1,2,1,1,1,1,0:00:32,0.75,CNN_L,2024:01:14 17:07:47,635 seconds,554948,0:02:08,0,0.0069896705,0.0,0.0069896705,0.0069896705,0.004318276783939748,0.0,0.004318276783939748,0.004318276783939748,0.007374392220421394,0.0,0.007374392220421394,0.007374392220421394,0.004296972253672206,0.0,0.004296972253672206,0.004296972253672206,0.014522746518897275,0.0,0.014522746518897275,0.014522746518897275,0.0062744814012888235,0.0,0.0062744814012888235,0.0062744814012888235,0.003045354,0.0,0.003045354,0.003045354,0.002063636905265864,0.0,0.002063636905265864,0.002063636905265864,0.263980363802997,0.0,0.263980363802997,0.263980363802997,0.9782723900370959,0.0,0.9782723900370959,0.9782723900370959,0.9835660605104802,0.0,0.9835660605104802,0.9835660605104802,0.9534022333016884,0.0,0.9534022333016884,0.9534022333016884,0.9548957290496267,0.0,0.9548957290496267,0.9548957290496267,0.0030299248,0.0,0.0030299248,0.0030299248,0.00207338001793645,0.0,0.00207338001793645,0.00207338001793645,0.16268866792505401,0.0,0.16268866792505401,0.16268866792505401,0.9798622151563328,0.0,0.9798622151563328,0.9798622151563328,0.985419190582089,0.0,0.985419190582089,0.985419190582089,0.9558139534883722,0.0,0.9558139534883722,0.9558139534883722,0.9550595037589421,0.0,0.9550595037589421,0.9550595037589421,4.1609434e-05,0.0,4.1609434e-05,4.1609434e-05
/content/drive/MyDrive/datasets/Dataset#2/,Total MC,20,pesl,categorical_crossentropy,0.0001,0.5,ms_pesl,min,True,"['x1', 'y1', 'z1', 'x2', 'y2', 'z2']",1,100,0.0,20,32,-1,1,2,1,1,1,1,0:00:32,0.75,CNN_L,2024:01:14 17:29:27,1175 seconds,554948,0:02:08,0,0.0054341964,0.0,0.0054341964,0.0054341964,0.0033767611334066467,0.0,0.0033767611334066467,0.0033767611334066467,0.010494327390599675,0.0,0.010494327390599675,0.010494327390599675,0.0059148086944046645,0.0,0.0059148086944046645,0.0059148086944046645,0.02119550498965877,0.0,0.02119550498965877,0.02119550498965877,0.008841265759247355,0.0,0.008841265759247355,0.008841265759247355,0.0023411768,0.0,0.0023411768,0.0023411768,0.0015104931369249708,0.0,0.0015104931369249708,0.0015104931369249708,0.20713349859963823,0.0,0.20713349859963823,0.20713349859963823,0.9825119236883942,0.0,0.9825119236883942,0.9825119236883942,0.9906503847374267,0.0,0.9906503847374267,0.9906503847374267,0.9616279069767442,0.0,0.9616279069767442,0.9616279069767442,0.9638519346001815,0.0,0.9638519346001815,0.9638519346001815,0.0023533427,0.0,0.0023533427,0.0023533427,0.0015478311658099616,0.0,0.0015478311658099616,0.0015478311658099616,0.1150697936184115,0.0,0.1150697936184115,0.1150697936184115,0.9830418653948065,0.0,0.9830418653948065,0.9830418653948065,0.9911049301919721,0.0,0.9911049301919721,0.9911049301919721,0.9627906976744185,0.0,0.9627906976744185,0.9627906976744185,0.9655826909445331,0.0,0.9655826909445331,0.9655826909445331,9.546958e-06,0.0,9.546958e-06,9.546958e-06
/content/drive/MyDrive/datasets/Dataset#2/,Data MC,20,pesl,categorical_crossentropy,0.0001,0.5,ms_pesl,min,True,"['x1', 'y1', 'z1', 'x2', 'y2', 'z2']",1,100,0.0,20,32,-1,1,2,1,1,1,1,0:00:32,0.75,CNN_L,2024:01:14 17:29:27,1175 seconds,554948,0:02:08,0,0.0054341964,0.0,0.0054341964,0.0054341964,0.0033767611334066467,0.0,0.0033767611334066467,0.0033767611334066467,0.010494327390599675,0.0,0.010494327390599675,0.010494327390599675,0.0059148086944046645,0.0,0.0059148086944046645,0.0059148086944046645,0.02119550498965877,0.0,0.02119550498965877,0.02119550498965877,0.008841265759247355,0.0,0.008841265759247355,0.008841265759247355,0.0024045038,0.0,0.0024045038,0.0024045038,0.0015486479863057589,0.0,0.0015486479863057589,0.0015486479863057589,0.21027149536945786,0.0,0.21027149536945786,0.21027149536945786,0.9819819819819819,0.0,0.9819819819819819,0.9819819819819819,0.9906681778929188,0.0,0.9906681778929188,0.9906681778929188,0.9604651162790698,0.0,0.9604651162790698,0.9604651162790698,0.9622616025069192,0.0,0.9622616025069192,0.9622616025069192,0.0024174806,0.0,0.0024174806,0.0024174806,0.0015867968168048782,0.0,0.0015867968168048782,0.0015867968168048782,0.11789027802603634,0.0,0.11789027802603634,0.11789027802603634,0.9825119236883942,0.0,0.9825119236883942,0.9825119236883942,0.9906002051060614,0.0,0.9906002051060614,0.9906002051060614,0.9616279069767442,0.0,0.9616279069767442,0.9616279069767442,0.9638212205778022,0.0,0.9638212205778022,0.9638212205778022,9.546958e-06,0.0,9.546958e-06,9.546958e-06
/content/drive/MyDrive/datasets/Dataset#2/,Model MC,20,pesl,categorical_crossentropy,0.0001,0.5,ms_pesl,min,True,"['x1', 'y1', 'z1', 'x2', 'y2', 'z2']",1,100,0.0,20,32,-1,1,2,1,1,1,1,0:00:32,0.75,CNN_L,2024:01:14 17:29:27,1175 seconds,554948,0:02:08,0,0.0054341964,0.0,0.0054341964,0.0054341964,0.0033767611334066467,0.0,0.0033767611334066467,0.0033767611334066467,0.010494327390599675,0.0,0.010494327390599675,0.010494327390599675,0.0059148086944046645,0.0,0.0059148086944046645,0.0059148086944046645,0.02119550498965877,0.0,0.02119550498965877,0.02119550498965877,0.008841265759247355,0.0,0.008841265759247355,0.008841265759247355,0.0028301943,0.0,0.0028301943,0.0028301943,0.0017981328613529944,0.0,0.0017981328613529944,0.0017981328613529944,0.2101375898259493,0.0,0.2101375898259493,0.2101375898259493,0.9782723900370959,0.0,0.9782723900370959,0.9782723900370959,0.9856110483305593,0.0,0.9856110483305593,0.9856110483305593,0.9530458942169171,0.0,0.9530458942169171,0.9530458942169171,0.9594182644315288,0.0,0.9594182644315288,0.9594182644315288,0.0026818453,0.0,0.0026818453,0.0026818453,0.0017253006417294917,0.0,0.0017253006417294917,0.0017253006417294917,0.13512656174582757,0.0,0.13512656174582757,0.13512656174582757,0.9798622151563328,0.0,0.9798622151563328,0.9798622151563328,0.9870870208706052,0.0,0.9870870208706052,0.9870870208706052,0.9565342663099404,0.0,0.9565342663099404,0.9565342663099404,0.962424187223534,0.0,0.962424187223534,0.962424187223534,9.546958e-06,0.0,9.546958e-06,9.546958e-06
/content/drive/MyDrive/datasets/Dataset#2/,Original,20,pesl,categorical_crossentropy,0.0001,0.5,ms_pesl,min,True,"['x1', 'y1', 'z1', 'x2', 'y2', 'z2']",1,100,0.0,20,32,-1,1,2,1,1,1,1,0:00:32,0.75,CNN_L,2024:01:14 17:29:27,1175 seconds,554948,0:02:08,0,0.0054341964,0.0,0.0054341964,0.0054341964,0.0033767611334066467,0.0,0.0033767611334066467,0.0033767611334066467,0.010494327390599675,0.0,0.010494327390599675,0.010494327390599675,0.0059148086944046645,0.0,0.0059148086944046645,0.0059148086944046645,0.02119550498965877,0.0,0.02119550498965877,0.02119550498965877,0.008841265759247355,0.0,0.008841265759247355,0.008841265759247355,0.0024684856,0.0,0.0024684856,0.0024684856,0.0016378020902907784,0.0,0.0016378020902907784,0.0016378020902907784,0.21513794940534892,0.0,0.21513794940534892,0.21513794940534892,0.9814520402755696,0.0,0.9814520402755696,0.9814520402755696,0.9892684558837009,0.0,0.9892684558837009,0.9892684558837009,0.9600226384029638,0.0,0.9600226384029638,0.9600226384029638,0.9613700618258108,0.0,0.9613700618258108,0.9613700618258108,0.0025314388,0.0,0.0025314388,0.0025314388,0.001675582900784285,0.0,0.001675582900784285,0.001675582900784285,0.12318322552136692,0.0,0.12318322552136692,0.12318322552136692,0.9819819819819819,0.0,0.9819819819819819,0.9819819819819819,0.990380691580756,0.0,0.990380691580756,0.990380691580756,0.9604651162790698,0.0,0.9604651162790698,0.9604651162790698,0.9621314171493636,0.0,0.9621314171493636,0.9621314171493636,9.546958e-06,0.0,9.546958e-06,9.546958e-06
/content/drive/MyDrive/datasets/Dataset#2/,Total MC,20,pesl,categorical_crossentropy,0.0001,0.5,ms_pesl,min,True,"['x1', 'y1', 'z1', 'x2', 'y2', 'z2']",1,100,0.0,30,32,-1,1,2,1,1,1,1,0:00:32,0.75,CNN_L,2024:01:14 18:00:34,1775 seconds,554948,0:02:08,0,0.0047580563,0.0,0.0047580563,0.0047580563,0.002968145756818362,0.0,0.002968145756818362,0.002968145756818362,0.004659643435980551,0.0,0.004659643435980551,0.004659643435980551,0.0031470771116719008,0.0,0.0031470771116719008,0.0031470771116719008,0.009008399241431144,0.0,0.009008399241431144,0.009008399241431144,0.004203199194862665,0.0,0.004203199194862665,0.004203199194862665,0.0020691822,0.0,0.0020691822,0.0020691822,0.0013140152033802224,0.0,0.0013140152033802224,0.0013140152033802224,0.1912425036686299,0.0,0.1912425036686299,0.1912425036686299,0.9841017488076311,0.0,0.9841017488076311,0.9841017488076311,0.9879110932314191,0.0,0.9879110932314191,0.9879110932314191,0.9651162790697676,0.0,0.9651162790697676,0.9651162790697676,0.9664241622574956,0.0,0.9664241622574956,0.9664241622574956,0.0019779308,0.0,0.0019779308,0.0019779308,0.0012731086387342218,0.0,0.0012731086387342218,0.0012731086387342218,0.0913399791485359,0.0,0.0913399791485359,0.0913399791485359,0.9851616322204557,0.0,0.9851616322204557,0.9851616322204557,0.9885343332313029,0.0,0.9885343332313029,0.9885343332313029,0.9674418604651163,0.0,0.9674418604651163,0.9674418604651163,0.9694282004364656,0.0,0.9694282004364656,0.9694282004364656,6.2090166e-06,0.0,6.2090166e-06,6.2090166e-06
/content/drive/MyDrive/datasets/Dataset#2/,Data MC,20,pesl,categorical_crossentropy,0.0001,0.5,ms_pesl,min,True,"['x1', 'y1', 'z1', 'x2', 'y2', 'z2']",1,100,0.0,30,32,-1,1,2,1,1,1,1,0:00:32,0.75,CNN_L,2024:01:14 18:00:34,1775 seconds,554948,0:02:08,0,0.0047580563,0.0,0.0047580563,0.0047580563,0.002968145756818362,0.0,0.002968145756818362,0.002968145756818362,0.004659643435980551,0.0,0.004659643435980551,0.004659643435980551,0.0031470771116719008,0.0,0.0031470771116719008,0.0031470771116719008,0.009008399241431144,0.0,0.009008399241431144,0.009008399241431144,0.004203199194862665,0.0,0.004203199194862665,0.004203199194862665,0.0022250805,0.0,0.0022250805,0.0022250805,0.0013943970511570757,0.0,0.0013943970511570757,0.0013943970511570757,0.1950683878378391,0.0,0.1950683878378391,0.1950683878378391,0.9825119236883942,0.0,0.9825119236883942,0.9825119236883942,0.9868351834193909,0.0,0.9868351834193909,0.9868351834193909,0.9619842460615153,0.0,0.9619842460615153,0.9619842460615153,0.9625461798827837,0.0,0.9625461798827837,0.9625461798827837,0.0021269058,0.0,0.0021269058,0.0021269058,0.0013465666822935908,0.0,0.0013465666822935908,0.0013465666822935908,0.09525514750864493,0.0,0.09525514750864493,0.09525514750864493,0.9835718071012188,0.0,0.9835718071012188,0.9835718071012188,0.9875945838311431,0.0,0.9875945838311431,0.9875945838311431,0.963953488372093,0.0,0.963953488372093,0.963953488372093,0.9647826491116177,0.0,0.9647826491116177,0.9647826491116177,6.2090166e-06,0.0,6.2090166e-06,6.2090166e-06
/content/drive/MyDrive/datasets/Dataset#2/,Model MC,20,pesl,categorical_crossentropy,0.0001,0.5,ms_pesl,min,True,"['x1', 'y1', 'z1', 'x2', 'y2', 'z2']",1,100,0.0,30,32,-1,1,2,1,1,1,1,0:00:32,0.75,CNN_L,2024:01:14 18:00:34,1775 seconds,554948,0:02:08,0,0.0047580563,0.0,0.0047580563,0.0047580563,0.002968145756818362,0.0,0.002968145756818362,0.002968145756818362,0.004659643435980551,0.0,0.004659643435980551,0.004659643435980551,0.0031470771116719008,0.0,0.0031470771116719008,0.0031470771116719008,0.009008399241431144,0.0,0.009008399241431144,0.009008399241431144,0.004203199194862665,0.0,0.004203199194862665,0.004203199194862665,0.0018216978,0.0,0.0018216978,0.0018216978,0.0011923921773287745,0.0,0.0011923921773287745,0.0011923921773287745,0.1769516748039107,0.0,0.1769516748039107,0.1769516748039107,0.9867514573396926,0.0,0.9867514573396926,0.9867514573396926,0.9899058633674018,0.0,0.9899058633674018,0.9899058633674018,0.9709302325581396,0.0,0.9709302325581396,0.9709302325581396,0.9746949256543497,0.0,0.9746949256543497,0.9746949256543497,0.0018047487,0.0,0.0018047487,0.0018047487,0.0011754430298137033,0.0,0.0011754430298137033,0.0011754430298137033,0.0962211017908884,0.0,0.0962211017908884,0.0962211017908884,0.9867514573396926,0.0,0.9867514573396926,0.9867514573396926,0.9898044635544636,0.0,0.9898044635544636,0.9898044635544636,0.9709302325581396,0.0,0.9709302325581396,0.9709302325581396,0.974618444243273,0.0,0.974618444243273,0.974618444243273,6.2090166e-06,0.0,6.2090166e-06,6.2090166e-06
/content/drive/MyDrive/datasets/Dataset#2/,Original,20,pesl,categorical_crossentropy,0.0001,0.5,ms_pesl,min,True,"['x1', 'y1', 'z1', 'x2', 'y2', 'z2']",1,100,0.0,30,32,-1,1,2,1,1,1,1,0:00:32,0.75,CNN_L,2024:01:14 18:00:34,1775 seconds,554948,0:02:08,0,0.0047580563,0.0,0.0047580563,0.0047580563,0.002968145756818362,0.0,0.002968145756818362,0.002968145756818362,0.004659643435980551,0.0,0.004659643435980551,0.004659643435980551,0.0031470771116719008,0.0,0.0031470771116719008,0.0031470771116719008,0.009008399241431144,0.0,0.009008399241431144,0.009008399241431144,0.004203199194862665,0.0,0.004203199194862665,0.004203199194862665,0.0023530903,0.0,0.0023530903,0.0023530903,0.0015224064997820654,0.0,0.0015224064997820654,0.0015224064997820654,0.20028786208807184,0.0,0.20028786208807184,0.20028786208807184,0.9803921568627451,0.0,0.9803921568627451,0.9803921568627451,0.9856507076129393,0.0,0.9856507076129393,0.9856507076129393,0.9573330832708177,0.0,0.9573330832708177,0.9573330832708177,0.95539888579971,0.0,0.95539888579971,0.95539888579971,0.002267819,0.0,0.002267819,0.002267819,0.001462307407376888,0.0,0.001462307407376888,0.001462307407376888,0.10092512461128118,0.0,0.10092512461128118,0.10092512461128118,0.9830418653948065,0.0,0.9830418653948065,0.9830418653948065,0.9872913580246914,0.0,0.9872913580246914,0.9872913580246914,0.9627906976744185,0.0,0.9627906976744185,0.9627906976744185,0.9631379460379842,0.0,0.9631379460379842,0.9631379460379842,6.2090166e-06,0.0,6.2090166e-06,6.2090166e-06
/content/drive/MyDrive/datasets/Dataset#2/,Total MC,20,pesl,categorical_crossentropy,0.0001,0.5,ms_pesl,min,True,"['x1', 'y1', 'z1', 'x2', 'y2', 'z2']",1,100,0.0,50,32,-1,1,2,1,1,1,1,0:00:32,0.75,CNN_L,2024:01:16 11:57:25,3237 seconds,554948,0:02:08,0,0.0045318054,0.0,0.0045318054,0.0045318054,0.0028265784385943333,0.0,0.0028265784385943333,0.0028265784385943333,0.002917341977309562,0.0,0.002917341977309562,0.002917341977309562,0.002136696089769633,0.0,0.002136696089769633,0.002136696089769633,0.005408420466656426,0.0,0.005408420466656426,0.005408420466656426,0.002679294046418523,0.0,0.002679294046418523,0.002679294046418523,0.0018900817,0.0,0.0018900817,0.0018900817,0.0012104314677296236,0.0,0.0012104314677296236,0.0012104314677296236,0.19704373550515206,0.0,0.19704373550515206,0.19704373550515206,0.985691573926868,0.0,0.985691573926868,0.985691573926868,0.988615645356764,0.0,0.988615645356764,0.988615645356764,0.9686046511627907,0.0,0.9686046511627907,0.9686046511627907,0.9709544491296078,0.0,0.9709544491296078,0.9709544491296078,0.0018199676,0.0,0.0018199676,0.0018199676,0.0011654896672232589,0.0,0.0011654896672232589,0.0011654896672232589,0.11947190992436911,0.0,0.11947190992436911,0.11947190992436911,0.9862215156332803,0.0,0.9862215156332803,0.9862215156332803,0.988869313689716,0.0,0.988869313689716,0.988869313689716,0.969767441860465,0.0,0.969767441860465,0.969767441860465,0.972261706301954,0.0,0.972261706301954,0.972261706301954,5.0490155e-07,0.0,5.0490155e-07,5.0490155e-07
/content/drive/MyDrive/datasets/Dataset#2/,Data MC,20,pesl,categorical_crossentropy,0.0001,0.5,ms_pesl,min,True,"['x1', 'y1', 'z1', 'x2', 'y2', 'z2']",1,100,0.0,50,32,-1,1,2,1,1,1,1,0:00:32,0.75,CNN_L,2024:01:16 11:57:26,3237 seconds,554948,0:02:08,0,0.0045318054,0.0,0.0045318054,0.0045318054,0.0028265784385943333,0.0,0.0028265784385943333,0.0028265784385943333,0.002917341977309562,0.0,0.002917341977309562,0.002917341977309562,0.002136696089769633,0.0,0.002136696089769633,0.002136696089769633,0.005408420466656426,0.0,0.005408420466656426,0.005408420466656426,0.002679294046418523,0.0,0.002679294046418523,0.002679294046418523,0.00200591,0.0,0.00200591,0.00200591,0.001301087739025412,0.0,0.001301087739025412,0.001301087739025412,0.20112696880967515,0.0,0.20112696880967515,0.20112696880967515,0.9851616322204557,0.0,0.9851616322204557,0.9851616322204557,0.9880630858287356,0.0,0.9880630858287356,0.9880630858287356,0.9674418604651163,0.0,0.9674418604651163,0.9674418604651163,0.9694084273120487,0.0,0.9694084273120487,0.9694084273120487,0.0019305195,0.0,0.0019305195,0.0019305195,0.0012508692421386285,0.0,0.0012508692421386285,0.0012508692421386285,0.1227979279669502,0.0,0.1227979279669502,0.1227979279669502,0.985691573926868,0.0,0.985691573926868,0.985691573926868,0.9885230124813458,0.0,0.9885230124813458,0.9885230124813458,0.9686046511627907,0.0,0.9686046511627907,0.9686046511627907,0.9708348753076879,0.0,0.9708348753076879,0.9708348753076879,5.0490155e-07,0.0,5.0490155e-07,5.0490155e-07
/content/drive/MyDrive/datasets/Dataset#2/,Model MC,20,pesl,categorical_crossentropy,0.0001,0.5,ms_pesl,min,True,"['x1', 'y1', 'z1', 'x2', 'y2', 'z2']",1,100,0.0,50,32,-1,1,2,1,1,1,1,0:00:32,0.75,CNN_L,2024:01:16 11:57:26,3237 seconds,554948,0:02:08,0,0.0045318054,0.0,0.0045318054,0.0045318054,0.0028265784385943333,0.0,0.0028265784385943333,0.0028265784385943333,0.002917341977309562,0.0,0.002917341977309562,0.002917341977309562,0.002136696089769633,0.0,0.002136696089769633,0.002136696089769633,0.005408420466656426,0.0,0.005408420466656426,0.005408420466656426,0.002679294046418523,0.0,0.002679294046418523,0.002679294046418523,0.0016403255,0.0,0.0016403255,0.0016403255,0.0010361919449254533,0.0,0.0010361919449254533,0.0010361919449254533,0.17608053549471478,0.0,0.17608053549471478,0.17608053549471478,0.9872813990461049,0.0,0.9872813990461049,0.9872813990461049,0.9895798933608531,0.0,0.9895798933608531,0.9895798933608531,0.9720930232558139,0.0,0.9720930232558139,0.9720930232558139,0.9757957104686019,0.0,0.9757957104686019,0.9757957104686019,0.0016125031,0.0,0.0016125031,0.0016125031,0.001008369508127187,0.0,0.001008369508127187,0.001008369508127187,0.133705586705935,0.0,0.133705586705935,0.133705586705935,0.9872813990461049,0.0,0.9872813990461049,0.9872813990461049,0.9898331917526562,0.0,0.9898331917526562,0.9898331917526562,0.9720930232558139,0.0,0.9720930232558139,0.9720930232558139,0.9759266398229356,0.0,0.9759266398229356,0.9759266398229356,5.0490155e-07,0.0,5.0490155e-07,5.0490155e-07
/content/drive/MyDrive/datasets/Dataset#2/,Original,20,pesl,categorical_crossentropy,0.0001,0.5,ms_pesl,min,True,"['x1', 'y1', 'z1', 'x2', 'y2', 'z2']",1,100,0.0,50,32,-1,1,2,1,1,1,1,0:00:32,0.75,CNN_L,2024:01:16 11:57:26,3237 seconds,554948,0:02:08,0,0.0045318054,0.0,0.0045318054,0.0045318054,0.0028265784385943333,0.0,0.0028265784385943333,0.0028265784385943333,0.002917341977309562,0.0,0.002917341977309562,0.002917341977309562,0.002136696089769633,0.0,0.002136696089769633,0.002136696089769633,0.005408420466656426,0.0,0.005408420466656426,0.005408420466656426,0.002679294046418523,0.0,0.002679294046418523,0.002679294046418523,0.0021904858,0.0,0.0021904858,0.0021904858,0.0014101466590154376,0.0,0.0014101466590154376,0.0014101466590154376,0.20563033542830794,0.0,0.20563033542830794,0.20563033542830794,0.9819819819819819,0.0,0.9819819819819819,0.9819819819819819,0.9861411817269943,0.0,0.9861411817269943,0.9861411817269943,0.9604651162790698,0.0,0.9604651162790698,0.9604651162790698,0.9596166679500012,0.0,0.9596166679500012,0.9596166679500012,0.002107465,0.0,0.002107465,0.002107465,0.001352297781448327,0.0,0.001352297781448327,0.001352297781448327,0.1271468383528544,0.0,0.1271468383528544,0.1271468383528544,0.9841017488076311,0.0,0.9841017488076311,0.9841017488076311,0.9875187389770723,0.0,0.9875187389770723,0.9875187389770723,0.9651162790697676,0.0,0.9651162790697676,0.9651162790697676,0.9663059875658615,0.0,0.9663059875658615,0.9663059875658615,5.0490155e-07,0.0,5.0490155e-07,5.0490155e-07
/content/drive/MyDrive/datasets/Dataset#2/,Total MC,20,pesl,categorical_crossentropy,0.0001,0.5,ms_pesl,min,True,"['x1', 'y1', 'z1', 'x2', 'y2', 'z2']",1,100,0.0,50,32,-1,1,2,1,1,1,1,0:00:32,0.75,CNN_L,2024:01:16 14:11:25,4027 seconds,554948,0:02:08,0,0.004568692,0.0,0.004568692,0.004568692,0.0028807862667501478,0.0,0.0028807862667501478,0.0028807862667501478,0.008914100486223663,0.0,0.008914100486223663,0.008914100486223663,0.0050170080368312124,0.0,0.0050170080368312124,0.0050170080368312124,0.01792456950561136,0.0,0.01792456950561136,0.01792456950561136,0.007458809360713787,0.0,0.007458809360713787,0.007458809360713787,0.0020404584,0.0,0.0020404584,0.0020404584,0.0012852917240034469,0.0,0.0012852917240034469,0.0012852917240034469,0.19051163960034653,0.0,0.19051163960034653,0.19051163960034653,0.9841017488076311,0.0,0.9841017488076311,0.9841017488076311,0.9892794263464655,0.0,0.9892794263464655,0.9892794263464655,0.9651162790697676,0.0,0.9651162790697676,0.9651162790697676,0.9675750972929957,0.0,0.9675750972929957,0.9675750972929957,0.002066117,0.0,0.002066117,0.002066117,0.0012606056503939073,0.0,0.0012606056503939073,0.0012606056503939073,0.12435741522215853,0.0,0.12435741522215853,0.12435741522215853,0.9830418653948065,0.0,0.9830418653948065,0.9830418653948065,0.9884107887797147,0.0,0.9884107887797147,0.9884107887797147,0.9627906976744185,0.0,0.9627906976744185,0.9627906976744185,0.9642687660922956,0.0,0.9642687660922956,0.9642687660922956,2.4769938e-07,0.0,2.4769938e-07,2.4769938e-07
/content/drive/MyDrive/datasets/Dataset#2/,Data MC,20,pesl,categorical_crossentropy,0.0001,0.5,ms_pesl,min,True,"['x1', 'y1', 'z1', 'x2', 'y2', 'z2']",1,100,0.0,50,32,-1,1,2,1,1,1,1,0:00:32,0.75,CNN_L,2024:01:16 14:11:26,4027 seconds,554948,0:02:08,0,0.004568692,0.0,0.004568692,0.004568692,0.0028807862667501478,0.0,0.0028807862667501478,0.0028807862667501478,0.008914100486223663,0.0,0.008914100486223663,0.008914100486223663,0.0050170080368312124,0.0,0.0050170080368312124,0.0050170080368312124,0.01792456950561136,0.0,0.01792456950561136,0.01792456950561136,0.007458809360713787,0.0,0.007458809360713787,0.007458809360713787,0.0021842357,0.0,0.0021842357,0.0021842357,0.0013535520453633097,0.0,0.0013535520453633097,0.0013535520453633097,0.19389428703650627,0.0,0.19389428703650627,0.19389428703650627,0.9825119236883942,0.0,0.9825119236883942,0.9825119236883942,0.9881609439628306,0.0,0.9881609439628306,0.9881609439628306,0.9616279069767442,0.0,0.9616279069767442,0.9616279069767442,0.9626274553200908,0.0,0.9626274553200908,0.9626274553200908,0.002132221,0.0,0.002132221,0.002132221,0.0013267097154615124,0.0,0.0013267097154615124,0.0013267097154615124,0.12728395875297344,0.0,0.12728395875297344,0.12728395875297344,0.9830418653948065,0.0,0.9830418653948065,0.9830418653948065,0.9884107887797147,0.0,0.9884107887797147,0.9884107887797147,0.9627906976744185,0.0,0.9627906976744185,0.9627906976744185,0.9642687660922956,0.0,0.9642687660922956,0.9642687660922956,2.4769938e-07,0.0,2.4769938e-07,2.4769938e-07
/content/drive/MyDrive/datasets/Dataset#2/,Model MC,20,pesl,categorical_crossentropy,0.0001,0.5,ms_pesl,min,True,"['x1', 'y1', 'z1', 'x2', 'y2', 'z2']",1,100,0.0,50,32,-1,1,2,1,1,1,1,0:00:32,0.75,CNN_L,2024:01:16 14:11:26,4027 seconds,554948,0:02:08,0,0.004568692,0.0,0.004568692,0.004568692,0.0028807862667501478,0.0,0.0028807862667501478,0.0028807862667501478,0.008914100486223663,0.0,0.008914100486223663,0.008914100486223663,0.0050170080368312124,0.0,0.0050170080368312124,0.0050170080368312124,0.01792456950561136,0.0,0.01792456950561136,0.01792456950561136,0.007458809360713787,0.0,0.007458809360713787,0.007458809360713787,0.0020282047,0.0,0.0020282047,0.0020282047,0.001348554613389322,0.0,0.001348554613389322,0.001348554613389322,0.19119630257788742,0.0,0.19119630257788742,0.19119630257788742,0.985691573926868,0.0,0.985691573926868,0.985691573926868,0.9917490627928773,0.0,0.9917490627928773,0.9917490627928773,0.9686046511627907,0.0,0.9686046511627907,0.9686046511627907,0.9733981138894631,0.0,0.9733981138894631,0.9733981138894631,0.0020019952,0.0,0.0020019952,0.0020019952,0.001322344984683589,0.0,0.001322344984683589,0.001322344984683589,0.14902711747998104,0.0,0.14902711747998104,0.14902711747998104,0.985691573926868,0.0,0.985691573926868,0.985691573926868,0.9917490627928773,0.0,0.9917490627928773,0.9917490627928773,0.9686046511627907,0.0,0.9686046511627907,0.9686046511627907,0.9733981138894631,0.0,0.9733981138894631,0.9733981138894631,2.4769938e-07,0.0,2.4769938e-07,2.4769938e-07
/content/drive/MyDrive/datasets/Dataset#2/,Original,20,pesl,categorical_crossentropy,0.0001,0.5,ms_pesl,min,True,"['x1', 'y1', 'z1', 'x2', 'y2', 'z2']",1,100,0.0,50,32,-1,1,2,1,1,1,1,0:00:32,0.75,CNN_L,2024:01:16 14:11:26,4027 seconds,554948,0:02:08,0,0.004568692,0.0,0.004568692,0.004568692,0.0028807862667501478,0.0,0.0028807862667501478,0.0028807862667501478,0.008914100486223663,0.0,0.008914100486223663,0.008914100486223663,0.0050170080368312124,0.0,0.0050170080368312124,0.0050170080368312124,0.01792456950561136,0.0,0.01792456950561136,0.01792456950561136,0.007458809360713787,0.0,0.007458809360713787,0.007458809360713787,0.0022504646,0.0,0.0022504646,0.0022504646,0.0014449534811525762,0.0,0.0014449534811525762,0.0014449534811525762,0.19776511439558025,0.0,0.19776511439558025,0.19776511439558025,0.9830418653948065,0.0,0.9830418653948065,0.9830418653948065,0.9883439851561695,0.0,0.9883439851561695,0.9883439851561695,0.9627906976744185,0.0,0.9627906976744185,0.9627906976744185,0.9641684144583138,0.0,0.9641684144583138,0.9641684144583138,0.0022945225,0.0,0.0022945225,0.0022945225,0.0014134942297862564,0.0,0.0014134942297862564,0.0014134942297862564,0.1312586245810277,0.0,0.1312586245810277,0.1312586245810277,0.9814520402755696,0.0,0.9814520402755696,0.9814520402755696,0.9874994708655059,0.0,0.9874994708655059,0.9874994708655059,0.9593023255813954,0.0,0.9593023255813954,0.9593023255813954,0.9590739216013002,0.0,0.9590739216013002,0.9590739216013002,2.4769938e-07,0.0,2.4769938e-07,2.4769938e-07
/content/drive/MyDrive/datasets/Dataset#2/,Total MC,20,pesl,categorical_crossentropy,0.0001,0.5,ms_pesl,min,True,"['x1', 'y1', 'z1', 'x2', 'y2', 'z2']",1,100,0.0,50,32,-1,1,2,1,1,1,1,0:01:04,0.75,CNN_L,2024:01:16 14:49:07,2151 seconds,1079236,0:02:08,0,0.0046114526,0.0,0.0046114526,0.0046114526,0.0029225849132529223,0.0,0.0029225849132529223,0.0029225849132529223,0.001114262560777958,0.0,0.001114262560777958,0.001114262560777958,0.0008485987418674452,0.0,0.0008485987418674452,0.0008485987418674452,0.002050032455986809,0.0,0.002050032455986809,0.002050032455986809,0.001010011500065772,0.0,0.001010011500065772,0.001010011500065772,0.0022667528,0.0,0.0022667528,0.0022667528,0.001493609376706044,0.0,0.001493609376706044,0.001493609376706044,0.25090285468063256,0.0,0.25090285468063256,0.25090285468063256,0.9837232960325534,0.0,0.9837232960325534,0.9837232960325534,0.9830268221175056,0.0,0.9830268221175056,0.9830268221175056,0.9651282051282051,0.0,0.9651282051282051,0.9651282051282051,0.9643976128600279,0.0,0.9643976128600279,0.9643976128600279,0.0021768906,0.0,0.0021768906,0.0021768906,0.0014037473515146506,0.0,0.0014037473515146506,0.0014037473515146506,0.20669922533810034,0.0,0.20669922533810034,0.20669922533810034,0.9837232960325534,0.0,0.9837232960325534,0.9837232960325534,0.9832182656524762,0.0,0.9832182656524762,0.9832182656524762,0.9644444444444444,0.0,0.9644444444444444,0.9644444444444444,0.9632984005732743,0.0,0.9632984005732743,0.9632984005732743,5.1032544e-06,0.0,5.1032544e-06,5.1032544e-06
/content/drive/MyDrive/datasets/Dataset#2/,Data MC,20,pesl,categorical_crossentropy,0.0001,0.5,ms_pesl,min,True,"['x1', 'y1', 'z1', 'x2', 'y2', 'z2']",1,100,0.0,50,32,-1,1,2,1,1,1,1,0:01:04,0.75,CNN_L,2024:01:16 14:49:07,2151 seconds,1079236,0:02:08,0,0.0046114526,0.0,0.0046114526,0.0046114526,0.0029225849132529223,0.0,0.0029225849132529223,0.0029225849132529223,0.001114262560777958,0.0,0.001114262560777958,0.001114262560777958,0.0008485987418674452,0.0,0.0008485987418674452,0.0008485987418674452,0.002050032455986809,0.0,0.002050032455986809,0.002050032455986809,0.001010011500065772,0.0,0.001010011500065772,0.001010011500065772,0.0023805024,0.0,0.0023805024,0.0023805024,0.0016073591431929595,0.0,0.0016073591431929595,0.0016073591431929595,0.25458862273120175,0.0,0.25458862273120175,0.25458862273120175,0.9837232960325534,0.0,0.9837232960325534,0.9837232960325534,0.9830591365141628,0.0,0.9830591365141628,0.9830591365141628,0.9651282051282051,0.0,0.9651282051282051,0.9651282051282051,0.9643738049329942,0.0,0.9643738049329942,0.9643738049329942,0.0022944994,0.0,0.0022944994,0.0022944994,0.0014971956987072303,0.0,0.0014971956987072303,0.0014971956987072303,0.21025776852881284,0.0,0.21025776852881284,0.21025776852881284,0.9832146490335707,0.0,0.9832146490335707,0.9832146490335707,0.9827829095756211,0.0,0.9827829095756211,0.9827829095756211,0.9636752136752136,0.0,0.9636752136752136,0.9636752136752136,0.9627236660242998,0.0,0.9627236660242998,0.9627236660242998,5.1032544e-06,0.0,5.1032544e-06,5.1032544e-06
/content/drive/MyDrive/datasets/Dataset#2/,Model MC,20,pesl,categorical_crossentropy,0.0001,0.5,ms_pesl,min,True,"['x1', 'y1', 'z1', 'x2', 'y2', 'z2']",1,100,0.0,50,32,-1,1,2,1,1,1,1,0:01:04,0.75,CNN_L,2024:01:16 14:49:07,2151 seconds,1079236,0:02:08,0,0.0046114526,0.0,0.0046114526,0.0046114526,0.0029225849132529223,0.0,0.0029225849132529223,0.0029225849132529223,0.001114262560777958,0.0,0.001114262560777958,0.001114262560777958,0.0008485987418674452,0.0,0.0008485987418674452,0.0008485987418674452,0.002050032455986809,0.0,0.002050032455986809,0.002050032455986809,0.001010011500065772,0.0,0.001010011500065772,0.001010011500065772,0.0021175393,0.0,0.0021175393,0.0021175393,0.0014168779018513974,0.0,0.0014168779018513974,0.0014168779018513974,0.23397414052151116,0.0,0.23397414052151116,0.23397414052151116,0.9852492370295015,0.0,0.9852492370295015,0.9852492370295015,0.9848103796176695,0.0,0.9848103796176695,0.9848103796176695,0.9677777777777777,0.0,0.9677777777777777,0.9677777777777777,0.9681146411536726,0.0,0.9681146411536726,0.9681146411536726,0.002033483,0.0,0.002033483,0.002033483,0.0013328218435353415,0.0,0.0013328218435353415,0.0013328218435353415,0.19754944469509975,0.0,0.19754944469509975,0.19754944469509975,0.9852492370295015,0.0,0.9852492370295015,0.9852492370295015,0.9848012967335815,0.0,0.9848012967335815,0.9848012967335815,0.9677777777777777,0.0,0.9677777777777777,0.9677777777777777,0.9681469439504792,0.0,0.9681469439504792,0.9681469439504792,5.1032544e-06,0.0,5.1032544e-06,5.1032544e-06
/content/drive/MyDrive/datasets/Dataset#2/,Original,20,pesl,categorical_crossentropy,0.0001,0.5,ms_pesl,min,True,"['x1', 'y1', 'z1', 'x2', 'y2', 'z2']",1,100,0.0,50,32,-1,1,2,1,1,1,1,0:01:04,0.75,CNN_L,2024:01:16 14:49:07,2151 seconds,1079236,0:02:08,0,0.0046114526,0.0,0.0046114526,0.0046114526,0.0029225849132529223,0.0,0.0029225849132529223,0.0029225849132529223,0.001114262560777958,0.0,0.001114262560777958,0.001114262560777958,0.0008485987418674452,0.0,0.0008485987418674452,0.0008485987418674452,0.002050032455986809,0.0,0.002050032455986809,0.002050032455986809,0.001010011500065772,0.0,0.001010011500065772,0.001010011500065772,0.0024862664,0.0,0.0024862664,0.0024862664,0.0017131230925737542,0.0,0.0017131230925737542,0.0017131230925737542,0.2576971993082984,0.0,0.2576971993082984,0.2576971993082984,0.9821973550356052,0.0,0.9821973550356052,0.9821973550356052,0.9813761234508933,0.0,0.9813761234508933,0.9813761234508933,0.9617948717948718,0.0,0.9617948717948718,0.9617948717948718,0.9602740309777207,0.0,0.9602740309777207,0.9602740309777207,0.002430297,0.0,0.002430297,0.002430297,0.0015846713415366936,0.0,0.0015846713415366936,0.0015846713415366936,0.213431273781682,0.0,0.213431273781682,0.213431273781682,0.9821973550356052,0.0,0.9821973550356052,0.9821973550356052,0.981954491547793,0.0,0.981954491547793,0.981954491547793,0.9614529914529915,0.0,0.9614529914529915,0.9614529914529915,0.959379739122489,0.0,0.959379739122489,0.959379739122489,5.1032544e-06,0.0,5.1032544e-06,5.1032544e-06
